"PointID","x","y","Density","Momentum_x","Momentum_y","Energy","Turb_Kin_Energy","Omega","Pressure","Temperature","Mach","Pressure_Coefficient","Laminar_Viscosity","Skin_Friction_Coefficient_x","Skin_Friction_Coefficient_y","Heat_Flux","Y_Plus","Eddy_Viscosity"
0, 1.000000000000000e+00, 0.000000000000000e+00, 1.010387167512582e+00, 0.000000000000000e+00, 0.000000000000000e+00, 2.716121358222799e+00, 1.000000000000000e-10, 7.534029897369714e+05, 1.086448543248704e+00, 1.075279435628002e+00, 0.000000000000000e+00, 3.139907007906066e-01, 1.000499108435490e-07, 4.802007639343274e-09, -5.154436392105970e-05, 1.823611888822858e+01, 3.881361317550663e-01, 1.341097922425175e-16
1, 5.000000000000000e-01, 7.766482000000000e-02, 7.962425904944591e-01, 0.000000000000000e+00, 0.000000000000000e+00, 2.124854292733657e+00, 1.000000000000000e-10, 9.496066153348715e+05, 8.499417170616130e-01, 1.067440660934512e+00, 0.000000000000000e+00, -5.450283330247521e-01, 9.949262256974208e-08, 3.143467108628210e-03, -2.151599294150882e-04, -3.119503572923962e+02, 2.709016842320858e+00, 8.384973054144204e-17
2, 0.000000000000000e+00, 0.000000000000000e+00, 1.192846084025310e+00, 0.000000000000000e+00, 0.000000000000000e+00, 3.215567380372149e+00, 1.000000000000000e-10, 6.335379853126715e+05, 1.286226952101146e+00, 1.078284088220936e+00, 0.000000000000000e+00, 1.039608047724339e+00, 1.002629938935889e-07, -6.253816572508553e-13, 1.177424475622405e-03, 1.975342895781816e+01, 2.020705673560286e+00, 1.882832775688292e-16
3, 5.000000000000000e-01, -7.766482000000000e-02, 8.334837795217123e-01, 0.000000000000000e+00, 0.000000000000000e+00, 2.226483302791365e+00, 1.000000000000000e-10, 9.078491100289099e+05, 8.905933210832064e-01, 1.068519079752537e+00, 0.000000000000000e+00, -3.973771968074424e-01, 9.956941029505001e-08, 3.179102523425690e-03, 2.175990634891522e-04, -3.238209172947908e+02, 2.785161157406447e+00, 9.180862465442806e-17
12, 9.954551090812083e-01, 1.139796998787765e-03, 1.007614758920334e+00, 0.000000000000000e+00, 0.000000000000000e+00, 2.708696730060708e+00, 1.000000000000000e-10, 7.553143333187687e+05, 1.083478691983978e+00, 1.075290613195199e+00, 0.000000000000000e+00, 3.032038714836936e-01, 1.000507040726942e-07, 1.433893950541007e-04, -3.578248226086224e-05, 1.577722745451818e+01, 6.563134521708985e-01, 1.334033688527671e-16
13, 9.903582780842387e-01, 2.406068756233480e-03, 1.005381858526731e+00, 0.000000000000000e+00, 0.000000000000000e+00, 2.702606327135830e+00, 1.000000000000000e-10, 7.569784945558255e+05, 1.081042530814116e+00, 1.075255656988140e+00, 0.000000000000000e+00, 2.943554638157572e-01, 1.000482233510518e-07, 2.194283693727008e-04, -5.422719605675745e-05, 9.850089931103634e+00, 8.107844745543376e-01, 1.328151152424073e-16
14, 9.848986192925683e-01, 3.748615735746229e-03, 1.003042708323839e+00, 0.000000000000000e+00, 0.000000000000000e+00, 2.696147735839682e+00, 1.000000000000000e-10, 7.587025595511696e+05, 1.078459094295751e+00, 1.075187611999033e+00, 0.000000000000000e+00, 2.849721357414373e-01, 1.000433943188691e-07, 2.927558353672482e-04, -7.158781347135956e-05, 7.058531473321964e+00, 9.351821143342597e-01, 1.322049982054909e-16
15, 9.791316777091300e-01, 5.151318129529794e-03, 9.996639488999847e-01, 0.000000000000000e+00, 0.000000000000000e+00, 2.686832722517065e+00, 1.000000000000000e-10, 7.612142542999218e+05, 1.074733088966839e+00, 1.075094375614385e+00, 0.000000000000000e+00, 2.714388709759603e-01, 1.000367772542356e-07, 3.636238697507391e-04, -8.792788976337755e-05, 5.762854359326430e+00, 1.040231535807513e+00, 1.313249110995149e-16
16, 9.730890097617939e-01, 6.604297475457873e-03, 9.962953778552066e-01, 0.000000000000000e+00, 0.000000000000000e+00, 2.677500033126826e+00, 1.000000000000000e-10, 7.637242672393332e+05, 1.071000013210879e+00, 1.074982416877707e+00, 0.000000000000000e+00, 2.578799256349567e-01, 1.000288310760379e-07, 4.363853984348674e-04, -1.042915587121824e-04, 4.779983539329754e+00, 1.137368790603690e+00, 1.304522341894300e-16
17, 9.667914797640027e-01, 8.100496729753454e-03, 9.925410723133554e-01, 0.000000000000000e+00, 0.000000000000000e+00, 2.667093710928961e+00, 1.000000000000000e-10, 7.665405496045395e+05, 1.066837484331883e+00, 1.074854748172146e+00, 0.000000000000000e+00, 2.427611589020462e-01, 1.000197693997668e-07, 5.114556447966592e-04, -1.207465131090196e-04, 3.761627946838119e+00, 1.228705719744019e+00, 1.294831778175628e-16
18, 9.602541002872421e-01, 9.634414712189477e-03, 9.884106862061830e-01, 0.000000000000000e+00, 0.000000000000000e+00, 2.655647221991055e+00, 1.000000000000000e-10, 7.696631911496430e+05, 1.062258888756885e+00, 1.074714087556210e+00, 0.000000000000000e+00, 2.261311917654777e-01, 1.000097849708390e-07, 5.902945523018516e-04, -1.376002779049230e-04, 2.333929083373298e+00, 1.316959019350984e+00, 1.284211961152594e-16
19, 9.534882440371402e-01, 1.120153997318649e-02, 9.843866825589973e-01, 0.000000000000000e+00, 0.000000000000000e+00, 2.644466058057228e+00, 1.000000000000000e-10, 7.727216630465484e+05, 1.057786423183515e+00, 1.074563930948059e+00, 0.000000000000000e+00, 2.098867005702449e-01, 9.999912578519430e-08, 6.700691788010008e-04, -1.541565759829545e-04, 4.810692096151347e-01, 1.399951148046247e+00, 1.273921412225149e-16
20, 9.465028487157313e-01, 1.279803710344393e-02, 9.797745285571904e-01, 0.000000000000000e+00, 0.000000000000000e+00, 2.631684039728787e+00, 1.000000000000000e-10, 7.762654877392687e+05, 1.052673615852324e+00, 1.074403942101336e+00, 0.000000000000000e+00, 1.913164170628665e-01, 9.998776783219617e-08, 7.514383971783563e-04, -1.705454600173130e-04, -1.791129784340836e+00, 1.478710047237926e+00, 1.262164212846227e-16
21, 9.393051110299245e-01, 1.442052499216499e-02, 9.754163755845336e-01, 0.000000000000000e+00, 0.000000000000000e+00, 2.619571643499874e+00, 1.000000000000000e-10, 7.796339307514268e+05, 1.047828657360933e+00, 1.074237303769895e+00, 0.000000000000000e+00, 1.737189902602342e-01, 9.997593693475106e-08, 8.332417747645841e-04, -1.864831786082304e-04, -4.625925613128104e+00, 1.553310560787400e+00, 1.251120977511689e-16
22, 9.319009435446923e-01, 1.606600778434343e-02, 9.705871295662269e-01, 0.000000000000000e+00, 0.000000000000000e+00, 2.606182307933302e+00, 1.000000000000000e-10, 7.834090204303116e+05, 1.042472923134497e+00, 1.074064235325681e+00, 0.000000000000000e+00, 1.542663693159033e-01, 9.996364856147490e-08, 9.151260630714498e-04, -2.018804693510180e-04, -7.892809839054576e+00, 1.623460494807967e+00, 1.238927679611572e-16
23, 9.242952667533899e-01, 1.773175666800886e-02, 9.659917633006477e-01, 0.000000000000000e+00, 0.000000000000000e+00, 2.593416927722342e+00, 1.000000000000000e-10, 7.870273878964944e+05, 1.037366771050297e+00, 1.073887801595504e+00, 0.000000000000000e+00, 1.357202584040158e-01, 9.995112024192029e-08, 9.962624644484518e-04, -2.165502517457300e-04, -1.171757538477895e+01, 1.689526323957798e+00, 1.227392805962948e-16
24, 9.164922282004191e-01, 1.941528702144482e-02, 9.609896609039780e-01, 0.000000000000000e+00, 0.000000000000000e+00, 2.579554797490847e+00, 1.000000000000000e-10, 7.910127686613286e+05, 1.031821918957899e+00, 1.073707617194644e+00, 0.000000000000000e+00, 1.155807403873448e-01, 9.993832454904862e-08, 1.076901877577080e-03, -2.305469466342657e-04, -1.601300399174105e+01, 1.751651202694083e+00, 1.214885132211000e-16
25, 9.084953552296542e-01, 2.111425737186532e-02, 9.563758593548064e-01, 0.000000000000000e+00, 0.000000000000000e+00, 2.566735143390145e+00, 1.000000000000000e-10, 7.947141968044123e+05, 1.026694057317803e+00, 1.073525693141643e+00, 0.000000000000000e+00, 9.695577795970743e-02, 9.992540424597634e-08, 1.156168642836765e-03, -2.436858872122170e-04, -2.073817810946743e+01, 1.810235289710681e+00, 1.203421122657329e-16
26, 9.003076575657573e-01, 2.282651208682931e-02, 9.513273160049183e-01, 0.000000000000000e+00, 0.000000000000000e+00, 2.552747136293989e+00, 1.000000000000000e-10, 7.988152620395772e+05, 1.021098854479542e+00, 1.073341254162267e+00, 0.000000000000000e+00, 7.663338044750501e-02, 9.991230423449791e-08, 1.234088478887082e-03, -2.559829639422646e-04, -2.575770719023302e+01, 1.864918100945785e+00, 1.190922799288141e-16
27, 8.919317108753874e-01, 2.455000030928785e-02, 9.466853258119302e-01, 0.000000000000000e+00, 0.000000000000000e+00, 2.539853294270662e+00, 1.000000000000000e-10, 8.026132477683160e+05, 1.015941317670397e+00, 1.073156295941388e+00, 0.000000000000000e+00, 5.790063451333678e-02, 9.989916623325120e-08, 1.310790401259168e-03, -2.674733993670016e-04, -3.118708268304705e+01, 1.916918663816555e+00, 1.179503728373857e-16
28, 8.833697322173532e-01, 2.628278127129246e-02, 9.418474319499686e-01, 0.000000000000000e+00, 0.000000000000000e+00, 2.526440350394211e+00, 1.000000000000000e-10, 8.066171469196166e+05, 1.010576140120010e+00, 1.072972230786624e+00, 0.000000000000000e+00, 3.841371436865138e-02, 9.988609056477615e-08, 1.384501067119109e-03, -2.778112999835641e-04, -3.671037511850224e+01, 1.964647434908905e+00, 1.167651132012989e-16
29, 8.746236286182690e-01, 2.802300653966791e-02, 9.370077659869378e-01, 0.000000000000000e+00, 0.000000000000000e+00, 2.513032693775437e+00, 1.000000000000000e-10, 8.106644275538353e+05, 1.005213077472695e+00, 1.072790550902123e+00, 0.000000000000000e+00, 1.893447578657317e-02, 9.987318326177353e-08, 1.456094791578871e-03, -2.871971692647653e-04, -4.270642987040709e+01, 2.009222926128828e+00, 1.155851579580761e-16
30, 8.656950427000752e-01, 2.976890101181547e-02, 9.323821223965388e-01, 0.000000000000000e+00, 0.000000000000000e+00, 2.500206442484602e+00, 1.000000000000000e-10, 8.145666685843113e+05, 1.000082576956545e+00, 1.072610202334203e+00, 0.000000000000000e+00, 2.999286683204661e-04, 9.986036947971062e-08, 1.525644482849019e-03, -2.956637227654799e-04, -4.891745283092399e+01, 2.051163717165203e+00, 1.144635733082023e-16
31, 8.565853715820562e-01, 3.151874770838888e-02, 9.275876926513067e-01, 0.000000000000000e+00, 0.000000000000000e+00, 2.486933553638940e+00, 1.000000000000000e-10, 8.186571552595831e+05, 9.947734214184724e-01, 1.072430595295125e+00, 0.000000000000000e+00, -1.898351331184107e-02, 9.984760733215251e-08, 1.593492541313599e-03, -3.032953409506692e-04, -5.533105677901324e+01, 2.090477253170724e+00, 1.133060012297966e-16
32, 8.472957962998491e-01, 3.327089776769091e-02, 9.230114021953889e-01, 0.000000000000000e+00, 0.000000000000000e+00, 2.474252657020633e+00, 1.000000000000000e-10, 8.225954490446595e+05, 9.897010627713327e-01, 1.072252260825080e+00, 0.000000000000000e+00, -3.740688271084527e-02, 9.983493457007891e-08, 1.659973233909052e-03, -3.101713383895251e-04, -6.203442753672244e+01, 2.127965138856315e+00, 1.122072091826420e-16
33, 8.378273131699377e-01, 3.502375126171389e-02, 9.184206608188673e-01, 0.000000000000000e+00, 0.000000000000000e+00, 2.461544604477407e+00, 1.000000000000000e-10, 8.265880309259671e+05, 9.846178417542257e-01, 1.072077190506948e+00, 0.000000000000000e+00, -5.586970544278182e-02, 9.982249275800678e-08, 1.723588316326501e-03, -3.160264566013932e-04, -6.878295227126081e+01, 2.162550031739503e+00, 1.111098419969912e-16
34, 8.281807506197527e-01, 3.677571391017299e-02, 9.138453745518607e-01, 0.000000000000000e+00, 0.000000000000000e+00, 2.448889289982133e+00, 1.000000000000000e-10, 8.306082737930041e+05, 9.795557159562992e-01, 1.071905317063800e+00, 0.000000000000000e+00, -7.425590799808042e-02, 9.981027716974500e-08, 1.785036879167733e-03, -3.210150200599965e-04, -7.574201026658824e+01, 2.194863005471003e+00, 1.100212215486577e-16
35, 8.183567707873537e-01, 3.852526802389894e-02, 9.094382200773609e-01, 0.000000000000000e+00, 0.000000000000000e+00, 2.436693475405471e+00, 1.000000000000000e-10, 8.345156086732405e+05, 9.746773901258106e-01, 1.071735681004148e+00, 0.000000000000000e+00, -9.197452867851637e-02, 9.979821965669249e-08, 1.844330499169463e-03, -3.251597413350014e-04, -8.274492938001060e+01, 2.225222550272932e+00, 1.089779754164897e-16
36, 8.083558992505351e-01, 4.027088115168556e-02, 9.048965726229192e-01, 0.000000000000000e+00, 0.000000000000000e+00, 2.424144794144022e+00, 1.000000000000000e-10, 8.385867355797029e+05, 9.696579176214126e-01, 1.071567676304461e+00, 0.000000000000000e+00, -1.102058097392151e-01, 9.978627717537480e-08, 1.902208486389753e-03, -3.286056631579303e-04, -8.989171147495767e+01, 2.253810128173066e+00, 1.079073313752358e-16
37, 7.981785130844891e-01, 4.201105299503316e-02, 9.006573931678082e-01, 0.000000000000000e+00, 0.000000000000000e+00, 2.412411584158792e+00, 1.000000000000000e-10, 8.424156746346849e+05, 9.649646336274903e-01, 1.071400335962934e+00, 0.000000000000000e+00, -1.272523379383250e-01, 9.977438100592744e-08, 1.958752290915543e-03, -3.313790312032264e-04, -9.704725584353439e+01, 2.281294473260603e+00, 1.069136550388274e-16
38, 7.878248710536071e-01, 4.374429239672056e-02, 8.961818461523110e-01, 0.000000000000000e+00, 0.000000000000000e+00, 2.400047885616648e+00, 1.000000000000000e-10, 8.465039367490486e+05, 9.600191542108116e-01, 1.071232538722561e+00, 0.000000000000000e+00, -1.452148678946842e-01, 9.976245144008715e-08, 2.014858729480247e-03, -3.336373089839149e-04, -1.042992968428833e+02, 2.307582067565126e+00, 1.058685970187239e-16
39, 7.772951185516835e-01, 4.546910166734478e-02, 8.919103186457538e-01, 0.000000000000000e+00, 0.000000000000000e+00, 2.388238239560040e+00, 1.000000000000000e-10, 8.504388513026816e+05, 9.552952957883395e-01, 1.071066536419073e+00, 0.000000000000000e+00, -1.623724458106068e-01, 9.975064858314522e-08, 2.070069403482074e-03, -3.353047275933155e-04, -1.118186984813161e+02, 2.333007623584126e+00, 1.048764779319878e-16
40, 7.665892807036899e-01, 4.718398085624032e-02, 8.876611267830538e-01, 0.000000000000000e+00, 0.000000000000000e+00, 2.376500238177295e+00, 1.000000000000000e-10, 8.543930508686509e+05, 9.506000952354113e-01, 1.070904274788345e+00, 0.000000000000000e+00, -1.794259351646736e-01, 9.973911082257043e-08, 2.122722969803578e-03, -3.361223098301737e-04, -1.191628047084808e+02, 2.356461987813022e+00, 1.038937666464396e-16
41, 7.557072605054403e-01, 4.888742841747205e-02, 8.834696928870959e-01, 0.000000000000000e+00, 0.000000000000000e+00, 2.364926072807360e+00, 1.000000000000000e-10, 8.583308515679481e+05, 9.459704290876049e-01, 1.070744629616283e+00, 0.000000000000000e+00, -1.962413962881101e-01, 9.972775827046536e-08, 2.173346954501070e-03, -3.361890282276309e-04, -1.264135940193627e+02, 2.378365767227423e+00, 1.029288050353800e-16
42, 7.446488632315336e-01, 5.057788334088344e-02, 8.791857665052053e-01, 0.000000000000000e+00, 0.000000000000000e+00, 2.353108520373953e+00, 1.000000000000000e-10, 8.623966186894577e+05, 9.412434081144136e-01, 1.070585357467615e+00, 0.000000000000000e+00, -2.134104609391383e-01, 9.971643141684731e-08, 2.223884282677871e-03, -3.358122977286373e-04, -1.339595157041037e+02, 2.399631437453507e+00, 1.019468007502908e-16
43, 7.334137894949418e-01, 5.225380039226183e-02, 8.750358626083421e-01, 0.000000000000000e+00, 0.000000000000000e+00, 2.341654866512464e+00, 1.000000000000000e-10, 8.663695423637056e+05, 9.366619465699840e-01, 1.070426923735382e+00, 0.000000000000000e+00, -2.300508375946725e-01, 9.970516336804519e-08, 2.273445851767221e-03, -3.348533665108593e-04, -1.416240171331677e+02, 2.420108271455935e+00, 1.010003025247693e-16
44, 7.220016389036976e-01, 5.391356837706216e-02, 8.708179759629709e-01, 0.000000000000000e+00, 0.000000000000000e+00, 2.330024422400187e+00, 1.000000000000000e-10, 8.704485576766656e+05, 9.320097689252417e-01, 1.070269326829874e+00, 0.000000000000000e+00, -2.469480629726947e-01, 9.969395402382726e-08, 2.322533492244313e-03, -3.333802199442288e-04, -1.494130694732650e+02, 2.439816789751482e+00, 1.000424395642520e-16
45, 7.104118946993158e-01, 5.555552963393137e-02, 8.665811879205176e-01, 0.000000000000000e+00, 0.000000000000000e+00, 2.318349508024926e+00, 1.000000000000000e-10, 8.745867710007306e+05, 9.273398031753068e-01, 1.070113009723403e+00, 0.000000000000000e+00, -2.639098967224167e-01, 9.968283490749625e-08, 2.371028220390621e-03, -3.313679693688868e-04, -1.574391913786535e+02, 2.458781065222682e+00, 9.908464352146766e-17
46, 6.986439546255443e-01, 5.717797001591570e-02, 8.625131204494066e-01, 0.000000000000000e+00, 0.000000000000000e+00, 2.307130713090930e+00, 1.000000000000000e-10, 8.785943116230489e+05, 9.228522852018711e-01, 1.069957387687071e+00, 0.000000000000000e+00, -2.802090599047952e-01, 9.967176444121307e-08, 2.418080511969370e-03, -3.286924572501786e-04, -1.652916588121437e+02, 2.476857225156099e+00, 9.816966779350684e-17
47, 6.866971048494638e-01, 5.877910821633810e-02, 8.583457828598782e-01, 0.000000000000000e+00, 0.000000000000000e+00, 2.295648803482270e+00, 1.000000000000000e-10, 8.827417209987033e+05, 9.182595213585741e-01, 1.069801401364229e+00, 0.000000000000000e+00, -2.968904877638378e-01, 9.966066726803409e-08, 2.464799364933641e-03, -3.254976179457974e-04, -1.731285581335706e+02, 2.494263598357477e+00, 9.723634434308027e-17
48, 6.745705399042496e-01, 6.035706818474927e-02, 8.541564660563414e-01, 0.000000000000000e+00, 0.000000000000000e+00, 2.284111162300679e+00, 1.000000000000000e-10, 8.869517312405508e+05, 9.136444648861052e-01, 1.069645318151628e+00, 0.000000000000000e+00, -3.136528849254635e-01, 9.964956240743164e-08, 2.511329476161538e-03, -3.217854666834753e-04, -1.812382572289194e+02, 2.511194614853968e+00, 9.630247427271614e-17
49, 6.622633285257508e-01, 6.190989379895430e-02, 8.499722094846071e-01, 0.000000000000000e+00, 0.000000000000000e+00, 2.272590042922265e+00, 1.000000000000000e-10, 8.911974337563191e+05, 9.090360171349068e-01, 1.069489104456855e+00, 0.000000000000000e+00, -3.303912784781782e-01, 9.963844746752767e-08, 2.557377796315723e-03, -3.174990399111864e-04, -1.895182229577894e+02, 2.527555435756111e+00, 9.537417570100601e-17
50, 6.497744603794116e-01, 6.343550714438963e-02, 8.457121046597378e-01, 0.000000000000000e+00, 0.000000000000000e+00, 2.260866537841521e+00, 1.000000000000000e-10, 8.955635437330777e+05, 9.043466151027797e-01, 1.069331525610164e+00, 0.000000000000000e+00, -3.474237069613332e-01, 9.962723458731018e-08, 2.604285685241892e-03, -3.127792998302403e-04, -1.982073375114145e+02, 2.543897387488697e+00, 9.443351144630573e-17
51, 6.371027953708375e-01, 6.493171816643660e-02, 8.414684632264439e-01, 0.000000000000000e+00, 0.000000000000000e+00, 2.249190496656818e+00, 1.000000000000000e-10, 8.999560965464447e+05, 8.996761986290683e-01, 1.069173995160126e+00, 0.000000000000000e+00, -3.643871777898206e-01, 9.961602434076352e-08, 2.650566639397479e-03, -3.074145287192348e-04, -2.070182340377956e+02, 2.559628956459699e+00, 9.350105671432381e-17
52, 6.242470925674086e-01, 6.639618869403491e-02, 8.373154767746502e-01, 0.000000000000000e+00, 0.000000000000000e+00, 2.237759648152319e+00, 1.000000000000000e-10, 9.042955603674406e+05, 8.951038592274349e-01, 1.069016259767927e+00, 0.000000000000000e+00, -3.809944218105916e-01, 9.960479869833436e-08, 2.695421119764527e-03, -3.012883938494894e-04, -2.155714797313405e+02, 2.574500532785853e+00, 9.259312005522980e-17
53, 6.112059950809020e-01, 6.782640698073118e-02, 8.329794434942238e-01, 0.000000000000000e+00, 0.000000000000000e+00, 2.225832068529560e+00, 1.000000000000000e-10, 9.088733451025645e+05, 8.903328273785045e-01, 1.068853300441235e+00, 0.000000000000000e+00, -3.983233388454360e-01, 9.959320042807173e-08, 2.742160911463381e-03, -2.947405775423961e-04, -2.245372108356224e+02, 2.589693423099700e+00, 9.164967210787756e-17
54, 5.979780398901466e-01, 6.921971218794096e-02, 8.285956148287208e-01, 0.000000000000000e+00, 0.000000000000000e+00, 2.213774970352558e+00, 1.000000000000000e-10, 9.135486091945365e+05, 8.855099881078793e-01, 1.068687755837235e+00, 0.000000000000000e+00, -4.158404261840566e-01, 9.958141726842109e-08, 2.789827314454336e-03, -2.876073149030045e-04, -2.340955845515083e+02, 2.604934539217357e+00, 9.070076881867537e-17
55, 5.845616302917667e-01, 7.057321291190699e-02, 8.241793568366489e-01, 0.000000000000000e+00, 0.000000000000000e+00, 2.201630970525267e+00, 1.000000000000000e-10, 9.183075985461379e+05, 8.806523881771396e-01, 1.068520317661491e+00, 0.000000000000000e+00, -4.334837680970068e-01, 9.956949841726919e-08, 2.837918687551601e-03, -2.797802824168600e-04, -2.440176749799387e+02, 2.620004681386429e+00, 8.974981318418587e-17
56, 5.709550515118907e-01, 7.188381223893245e-02, 8.197325394144431e-01, 0.000000000000000e+00, 0.000000000000000e+00, 2.189404986567054e+00, 1.000000000000000e-10, 9.231504771020509e+05, 8.757619945940318e-01, 1.068350897988766e+00, 0.000000000000000e+00, -4.512462201939070e-01, 9.955743758380997e-08, 2.885940000835761e-03, -2.711556932129748e-04, -2.540994933429572e+02, 2.634679301873356e+00, 8.879728247217593e-17
57, 5.571564432497021e-01, 7.314813563652020e-02, 8.151918819653859e-01, 0.000000000000000e+00, 0.000000000000000e+00, 2.176924744044426e+00, 1.000000000000000e-10, 9.281492613634471e+05, 8.707698975851625e-01, 1.068177832543893e+00, 0.000000000000000e+00, -4.693780704174567e-01, 9.954511624273956e-08, 2.935278630202739e-03, -2.618009221661232e-04, -2.646700884176669e+02, 2.649491006815466e+00, 8.782982579907686e-17
58, 5.431638370526570e-01, 7.436254304788512e-02, 8.106710231437800e-01, 0.000000000000000e+00, 0.000000000000000e+00, 2.164497113850315e+00, 1.000000000000000e-10, 9.331799316933496e+05, 8.657988455076988e-01, 1.068002704907514e+00, 0.000000000000000e+00, -4.874334831151466e-01, 9.953264708812953e-08, 2.983644198112231e-03, -2.514411703360591e-04, -2.752096865724677e+02, 2.663583153234038e+00, 8.687188752318511e-17
59, 5.289750979208375e-01, 7.552306708967997e-02, 8.059642647672195e-01, 0.000000000000000e+00, 0.000000000000000e+00, 2.151562154198490e+00, 1.000000000000000e-10, 9.384760762864127e+05, 8.606248616471573e-01, 1.067820124625160e+00, 0.000000000000000e+00, -5.062259665648322e-01, 9.951964623482294e-08, 3.034868928166888e-03, -2.403245759189690e-04, -2.865393796085478e+02, 2.678338450435155e+00, 8.588010740976246e-17
60, 5.145879643008180e-01, 7.662540337666647e-02, 8.011548362625427e-01, 0.000000000000000e+00, 0.000000000000000e+00, 2.138347182132310e+00, 1.000000000000000e-10, 9.439494729490675e+05, 8.553388728208775e-01, 1.067632415240864e+00, 0.000000000000000e+00, -5.254252644773486e-01, 9.950627902123395e-08, 3.088143187558383e-03, -2.282663436551024e-04, -2.987962250475238e+02, 2.693493188921298e+00, 8.487263956785012e-17
61, 4.852355840444454e-01, 7.863447674880111e-02, 7.914627367691636e-01, 0.000000000000000e+00, 0.000000000000000e+00, 2.111717410943585e+00, 1.000000000000000e-10, 9.551733753100617e+05, 8.446869643457753e-01, 1.067247926028557e+00, 0.000000000000000e+00, -5.641141779184076e-01, 9.947889506947429e-08, 3.198120564913353e-03, -2.009445565213799e-04, -3.251034289310719e+02, 2.724128133560464e+00, 8.286063608382224e-17
62, 4.706770400520675e-01, 7.950724246751917e-02, 7.866154945775939e-01, 0.000000000000000e+00, 0.000000000000000e+00, 2.098401621446625e+00, 1.000000000000000e-10, 9.608885314219999e+05, 8.393606485471852e-01, 1.067053286304658e+00, 0.000000000000000e+00, -5.834599478687470e-01, 9.946503066558913e-08, 3.253038485279199e-03, -1.856275483057883e-04, -3.383910030267243e+02, 2.738901948098605e+00, 8.186334487443176e-17
63, 4.563222288483900e-01, 8.028435432099269e-02, 7.817606908713104e-01, 0.000000000000000e+00, 0.000000000000000e+00, 2.085068205907453e+00, 1.000000000000000e-10, 9.666816971972057e+05, 8.340272823317105e-01, 1.066857533348404e+00, 0.000000000000000e+00, -6.028313257154747e-01, 9.945108571454423e-08, 3.308315897614635e-03, -1.693917302371163e-04, -3.522107265029601e+02, 2.753488709434771e+00, 8.087053793786304e-17
64, 4.421692028980852e-01, 8.096689505520367e-02, 7.769431076027196e-01, 0.000000000000000e+00, 0.000000000000000e+00, 2.071837636867173e+00, 1.000000000000000e-10, 9.724986870746183e+05, 8.287350547157913e-01, 1.066661183561918e+00, 0.000000000000000e+00, -6.220532836041727e-01, 9.943709698683969e-08, 3.364214155022927e-03, -1.521960047468889e-04, -3.666336875119192e+02, 2.768077232805787e+00, 7.989142975350545e-17
65, 4.282161847452767e-01, 8.155586303732902e-02, 7.722371668911160e-01, 0.000000000000000e+00, 0.000000000000000e+00, 2.058908950685440e+00, 1.000000000000000e-10, 9.782453055711145e+05, 8.235635802432864e-01, 1.066464572741042e+00, 0.000000000000000e+00, -6.408366526780861e-01, 9.942308839734070e-08, 3.420542247134604e-03, -1.339759168480116e-04, -3.814488008819728e+02, 2.782725239225117e+00, 7.894105500539236e-17
66, 4.144615868617882e-01, 8.205214791686480e-02, 7.675509883699171e-01, 0.000000000000000e+00, 0.000000000000000e+00, 2.046037472468708e+00, 1.000000000000000e-10, 9.840365712976770e+05, 8.184149889567809e-01, 1.066267911002090e+00, 0.000000000000000e+00, -6.595369074814948e-01, 9.940907491361566e-08, 3.476632021796251e-03, -1.146527663681664e-04, -3.964363842495297e+02, 2.797005730513324e+00, 7.800025005726009e-17
67, 4.009039574257633e-01, 8.245656877731712e-02, 7.629240067766241e-01, 0.000000000000000e+00, 0.000000000000000e+00, 2.033327260929621e+00, 1.000000000000000e-10, 9.898201885567388e+05, 8.133309043413312e-01, 1.066070666432005e+00, 0.000000000000000e+00, -6.780028668984308e-01, 9.939501862683826e-08, 3.533278597439969e-03, -9.420178298403403e-05, -4.119473291804620e+02, 2.811322029593720e+00, 7.707703010307497e-17
68, 3.875420102842180e-01, 8.276985868912594e-02, 7.583394590697983e-01, 0.000000000000000e+00, 0.000000000000000e+00, 2.020733306339435e+00, 1.000000000000000e-10, 9.956166435034532e+05, 8.082933225054401e-01, 1.065872694395880e+00, 0.000000000000000e+00, -6.962999230603945e-01, 9.938090921687030e-08, 3.590480289136194e-03, -7.256122982017680e-05, -4.279883949480549e+02, 2.825647949243524e+00, 7.616781639446346e-17
69, 3.743745999572929e-01, 8.299270952987210e-02, 7.538005255155222e-01, 0.000000000000000e+00, 0.000000000000000e+00, 2.008264052765484e+00, 1.000000000000000e-10, 1.001420537943105e+06, 8.033056210760413e-01, 1.065673999798107e+00, 0.000000000000000e+00, -7.144158080516052e-01, 9.936674701885097e-08, 3.648472022512580e-03, -4.967367248839916e-05, -4.446914472865686e+02, 2.840085847970745e+00, 7.527312401957358e-17
70, 3.614007381129109e-01, 8.312577014582757e-02, 7.492800173583880e-01, 0.000000000000000e+00, 0.000000000000000e+00, 1.995847586061271e+00, 1.000000000000000e-10, 1.007267911284932e+06, 7.983390343945372e-01, 1.065474877081480e+00, 0.000000000000000e+00, -7.324550019357211e-01, 9.935255300802326e-08, 3.707097025897286e-03, -2.546485098109622e-05, -4.620850521802627e+02, 2.854525629662568e+00, 7.438736079538589e-17
71, 3.486195624599183e-01, 8.316962645092962e-02, 7.449197570018425e-01, 0.000000000000000e+00, 0.000000000000000e+00, 1.983862609086459e+00, 1.000000000000000e-10, 1.012965861930326e+06, 7.935450436047864e-01, 1.065275871858536e+00, 0.000000000000000e+00, -7.498673083909853e-01, 9.933836607380803e-08, 3.766775871570005e-03, 1.358602205626892e-07, -4.802545951110382e+02, 2.869403012113190e+00, 7.353848564873641e-17
72, 3.360303445350650e-01, 8.312485508547231e-02, 7.406348924217221e-01, 0.000000000000000e+00, 0.000000000000000e+00, 1.972086096927913e+00, 1.000000000000000e-10, 1.018627724768310e+06, 7.888344387415398e-01, 1.065078686965740e+00, 0.000000000000000e+00, -7.669767479092806e-01, 9.932430762877073e-08, 3.826309015408020e-03, 2.719894523261301e-05, -4.987430697576957e+02, 2.884105225795121e+00, 7.270908423434492e-17
73, 3.236324788221483e-01, 8.299200819880997e-02, 7.364943580914778e-01, 0.000000000000000e+00, 0.000000000000000e+00, 1.960701405365113e+00, 1.000000000000000e-10, 1.024154352640801e+06, 7.842805621165851e-01, 1.064883326667890e+00, 0.000000000000000e+00, -7.835169330766566e-01, 9.931037801204252e-08, 3.886152966884722e-03, 5.579453011143295e-05, -5.177736873171506e+02, 2.898955842900304e+00, 7.191243724334251e-17
74, 3.114255074969842e-01, 8.277159690631507e-02, 7.325045562529650e-01, 0.000000000000000e+00, 0.000000000000000e+00, 1.949726044041258e+00, 1.000000000000000e-10, 1.029531869580594e+06, 7.798904175872026e-01, 1.064690193296045e+00, 0.000000000000000e+00, -7.994624251063739e-01, 9.929660594934799e-08, 3.946058142102943e-03, 8.598863851558302e-05, -5.372106116683025e+02, 2.913891617865350e+00, 7.114928405152019e-17
75, 2.994090683276864e-01, 8.246415533562008e-02, 7.286204625361929e-01, 0.000000000000000e+00, 0.000000000000000e+00, 1.939040581615228e+00, 1.000000000000000e-10, 1.034818673022173e+06, 7.756162326169460e-01, 1.064499657225066e+00, 0.000000000000000e+00, -8.149867391513033e-01, 9.928301789714041e-08, 4.005974963199144e-03, 1.178494295114449e-04, -5.571189402003001e+02, 2.928823920184723e+00, 7.041044770192108e-17
76, 2.875829517075618e-01, 8.207018673184051e-02, 7.248544368182938e-01, 0.000000000000000e+00, 0.000000000000000e+00, 1.928677717435326e+00, 1.000000000000000e-10, 1.039992373273978e+06, 7.714710869451360e-01, 1.064311740066686e+00, 0.000000000000000e+00, -8.300423681469982e-01, 9.926961544531948e-08, 4.066391478113180e-03, 1.514735505848390e-04, -5.778102154156701e+02, 2.943973455097784e+00, 6.969805293697212e-17
77, 2.759470562266673e-01, 8.159019268447494e-02, 7.212333713172991e-01, 0.000000000000000e+00, 0.000000000000000e+00, 1.918710162249399e+00, 1.000000000000000e-10, 1.045010107572393e+06, 7.674840648709103e-01, 1.064127223438284e+00, 0.000000000000000e+00, -8.445236746920051e-01, 9.925645439503600e-08, 4.127363292225401e-03, 1.869553702499605e-04, -5.993523184877282e+02, 2.959428909456213e+00, 6.901687975441061e-17
78, 2.645014069150708e-01, 8.102467209038657e-02, 7.178062818519204e-01, 0.000000000000000e+00, 0.000000000000000e+00, 1.909270322488819e+00, 1.000000000000000e-10, 1.049795830388185e+06, 7.637081289668154e-01, 1.063947402349934e+00, 0.000000000000000e+00, -8.582382928464866e-01, 9.924362718886174e-08, 4.188730558057482e-03, 2.243853162183736e-04, -6.216822627300942e+02, 2.975249589809040e+00, 6.837579833345163e-17
79, 2.532461415577582e-01, 8.037413167366794e-02, 7.145859501399900e-01, 0.000000000000000e+00, 0.000000000000000e+00, 1.900394856256530e+00, 1.000000000000000e-10, 1.054325352727585e+06, 7.601579424740282e-01, 1.063773983136823e+00, 0.000000000000000e+00, -8.711329640915604e-01, 9.923125564283714e-08, 4.250031247385671e-03, 2.638365309383445e-04, -6.446481638139942e+02, 2.991318901738416e+00, 6.777660675031057e-17
80, 2.421815313720558e-01, 7.963908262257573e-02, 7.116543551626049e-01, 0.000000000000000e+00, 0.000000000000000e+00, 1.892301990145326e+00, 1.000000000000000e-10, 1.058469742183438e+06, 7.569207960296640e-01, 1.063607340471789e+00, 0.000000000000000e+00, -8.828906391480801e-01, 9.921936659804282e-08, 4.311023784278635e-03, 3.053947730390091e-04, -6.680719190219670e+02, 3.007754190165233e+00, 6.723426517043861e-17
81, 2.313079717122758e-01, 7.882002231679426e-02, 7.089768680778481e-01, 0.000000000000000e+00, 0.000000000000000e+00, 1.884904180103037e+00, 1.000000000000000e-10, 1.062273372653365e+06, 7.539616720128555e-01, 1.063450312641326e+00, 0.000000000000000e+00, -8.936385059003398e-01, 9.920816268438660e-08, 4.371397249478496e-03, 3.491392889589671e-04, -6.919854144098142e+02, 3.024404961239392e+00, 6.674147016889562e-17
82, 2.206259823703388e-01, 7.791746168032954e-02, 7.065187916005313e-01, 0.000000000000000e+00, 0.000000000000000e+00, 1.878112645212070e+00, 1.000000000000000e-10, 1.065781466928667e+06, 7.512450580565672e-01, 1.063305133547424e+00, 0.000000000000000e+00, -9.035055492056102e-01, 9.919780345562923e-08, 4.431300413512559e-03, 3.951872529068875e-04, -7.168325392091815e+02, 3.041281022330327e+00, 6.629114988031542e-17
83, 2.101362066189923e-01, 7.693190575830243e-02, 7.044055859513044e-01, 0.000000000000000e+00, 0.000000000000000e+00, 1.872263029360267e+00, 1.000000000000000e-10, 1.068797382305400e+06, 7.489052117159305e-01, 1.063173300513410e+00, 0.000000000000000e+00, -9.120041307273973e-01, 9.918839593257142e-08, 4.490755307600751e-03, 4.436615947389647e-04, -7.427637562294750e+02, 3.058694911397760e+00, 6.590637249341262e-17
84, 1.998394349812518e-01, 7.586386665408740e-02, 7.025566785081860e-01, 0.000000000000000e+00, 0.000000000000000e+00, 1.867154829321578e+00, 1.000000000000000e-10, 1.071444388175037e+06, 7.468619317005288e-01, 1.063062888088148e+00, 0.000000000000000e+00, -9.194255504510550e-01, 9.918051653123918e-08, 4.548035669355518e-03, 4.945156795391582e-04, -7.694817293089480e+02, 3.075912901152527e+00, 6.557098849831934e-17
85, 1.897366044456884e-01, 7.471382220213511e-02, 7.015138703996903e-01, 0.000000000000000e+00, 0.000000000000000e+00, 1.864201638685348e+00, 1.000000000000000e-10, 1.072874021916402e+06, 7.456806554460784e-01, 1.062959247008508e+00, 0.000000000000000e+00, -9.237160768731731e-01, 9.917311999123732e-08, 4.605940123587514e-03, 5.481811873444659e-04, -7.961017504410185e+02, 3.095155645396724e+00, 6.538641574901774e-17
86, 1.798287911543227e-01, 7.348227718521928e-02, 7.012087745253903e-01, 0.000000000000000e+00, 0.000000000000000e+00, 1.863235640009986e+00, 1.000000000000000e-10, 1.073197569202817e+06, 7.452942559759459e-01, 1.062870692798154e+00, 0.000000000000000e+00, -9.251195226208128e-01, 9.916679987418850e-08, 4.658463226173058e-03, 6.040841354819656e-04, -8.193194842474547e+02, 3.114309067706142e+00, 6.533827439491495e-17
87, 1.701172231645963e-01, 7.216968770874860e-02, 7.011782395100062e-01, 0.000000000000000e+00, 0.000000000000000e+00, 1.863046542217675e+00, 1.000000000000000e-10, 1.073128311667458e+06, 7.452186168590229e-01, 1.062809104543508e+00, 0.000000000000000e+00, -9.253942522858518e-01, 9.916240416631461e-08, 4.704728411898432e-03, 6.621432202380447e-04, -8.406312981500871e+02, 3.132109518340765e+00, 6.533964577496466e-17
88, 1.606033154080606e-01, 7.077648477666201e-02, 7.012502197205948e-01, 0.000000000000000e+00, 0.000000000000000e+00, 1.863165591610312e+00, 1.000000000000000e-10, 1.072915254487818e+06, 7.452662366160746e-01, 1.062767918864992e+00, 0.000000000000000e+00, -9.252212920446928e-01, 9.915946457177200e-08, 4.749158364957673e-03, 7.230542997336594e-04, -8.633451429497294e+02, 3.149720874505405e+00, 6.535932962405886e-17
89, 1.512886480577098e-01, 6.930305721494451e-02, 7.018108143549991e-01, 0.000000000000000e+00, 0.000000000000000e+00, 1.864606580654321e+00, 1.000000000000000e-10, 1.071958837896127e+06, 7.458426322336558e-01, 1.062740295501323e+00, 0.000000000000000e+00, -9.231277592089078e-01, 9.915749294524814e-08, 4.794295907481634e-03, 7.874271610337032e-04, -8.881673750498318e+02, 3.168917551592116e+00, 6.546994041133271e-17
90, 1.421750198783274e-01, 6.774977538873642e-02, 7.028237783781367e-01, 0.000000000000000e+00, 0.000000000000000e+00, 1.867283665906269e+00, 1.000000000000000e-10, 1.070329998653535e+06, 7.469134663343945e-01, 1.062732208716673e+00, 0.000000000000000e+00, -9.192383709429410e-01, 9.915691574362787e-08, 4.836975783998358e-03, 8.550362501098261e-04, -9.130317955688469e+02, 3.188618791590639e+00, 6.566421359008277e-17
91, 1.332644444274971e-01, 6.611690368195046e-02, 7.045567954053684e-01, 0.000000000000000e+00, 0.000000000000000e+00, 1.871898757118255e+00, 1.000000000000000e-10, 1.067626081882535e+06, 7.487595028191195e-01, 1.062738316771637e+00, 0.000000000000000e+00, -9.125333616074306e-01, 9.915735171181316e-08, 4.876526826325617e-03, 9.260195135993345e-04, -9.366407872094003e+02, 3.209297468931256e+00, 6.599284200959971e-17
92, 1.245591809984634e-01, 6.440464654352770e-02, 7.067020616836807e-01, 0.000000000000000e+00, 0.000000000000000e+00, 1.877652886243905e+00, 1.000000000000000e-10, 1.064336810914047e+06, 7.510611544692937e-01, 1.062769157174849e+00, 0.000000000000000e+00, -9.041735074392127e-01, 9.915955295595132e-08, 4.911368762961609e-03, 1.000340016095292e-03, -9.591196967857824e+02, 3.229791018574910e+00, 6.639834801427781e-17
93, 1.160617695055762e-01, 6.261308938112825e-02, 7.092772022468754e-01, 0.000000000000000e+00, 0.000000000000000e+00, 1.884590382717718e+00, 1.000000000000000e-10, 1.060439076079979e+06, 7.538361530587158e-01, 1.062823041077149e+00, 0.000000000000000e+00, -8.940944046684595e-01, 9.916339886251809e-08, 4.943792224581047e-03, 1.078780822661479e-03, -9.824617779360749e+02, 3.250981217974125e+00, 6.688523804158913e-17
94, 1.077750754613007e-01, 6.074220072127193e-02, 7.122912952977939e-01, 0.000000000000000e+00, 0.000000000000000e+00, 1.892739792025127e+00, 1.000000000000000e-10, 1.055933181090123e+06, 7.570959167815590e-01, 1.062902104489475e+00, 0.000000000000000e+00, -8.822545811470530e-01, 9.916904175718867e-08, 4.974099300058747e-03, 1.161868248211720e-03, -1.007348111430793e+03, 3.273078330421312e+00, 6.745609534122737e-17
95, 9.970232028895400e-02, 5.879178959268194e-02, 7.159264168362327e-01, 0.000000000000000e+00, 0.000000000000000e+00, 1.902587124309924e+00, 1.000000000000000e-10, 1.050571389358624e+06, 7.610348496953325e-01, 1.063007079775656e+00, 0.000000000000000e+00, -8.679479397684373e-01, 9.917653371024111e-08, 5.000617380889159e-03, 1.249764629921786e-03, -1.032748053000411e+03, 3.296061365748118e+00, 6.814638416509853e-17
96, 9.184715284435263e-02, 5.676146138479155e-02, 7.205261238597649e-01, 0.000000000000000e+00, 0.000000000000000e+00, 1.915031897607087e+00, 1.000000000000000e-10, 1.043876199506888e+06, 7.660127590140136e-01, 1.063129751507944e+00, 0.000000000000000e+00, -8.498676208098159e-01, 9.918528817719842e-08, 5.024487439322569e-03, 1.343399779762981e-03, -1.057391135198221e+03, 3.321252600458071e+00, 6.902409713878976e-17
97, 8.421370988243501e-02, 5.465059189635382e-02, 7.260070744320919e-01, 0.000000000000000e+00, 0.000000000000000e+00, 1.929871764085376e+00, 1.000000000000000e-10, 1.036034864872917e+06, 7.719487056051101e-01, 1.063279867085256e+00, 0.000000000000000e+00, -8.283076041808259e-01, 9.919600050089762e-08, 5.040006161500405e-03, 1.441995784281366e-03, -1.078516870813766e+03, 3.346711521828962e+00, 7.007554447815271e-17
98, 7.680672943156215e-02, 5.245824697193573e-02, 7.320953653298519e-01, 0.000000000000000e+00, 0.000000000000000e+00, 1.946395334797125e+00, 1.000000000000000e-10, 1.027487983405835e+06, 7.785581338895661e-01, 1.063465459228498e+00, 0.000000000000000e+00, -8.043014273168485e-01, 9.920924342655791e-08, 5.046749868360778e-03, 1.546147077433064e-03, -1.097832523376096e+03, 3.371820364491574e+00, 7.125099030605548e-17
99, 6.963166646745603e-02, 5.018316545415631e-02, 7.386970796854588e-01, 0.000000000000000e+00, 0.000000000000000e+00, 1.964356407062325e+00, 1.000000000000000e-10, 1.018393614840692e+06, 7.857425627953817e-01, 1.063687111271586e+00, 0.000000000000000e+00, -7.782067843981414e-01, 9.922505792312264e-08, 5.047783367155753e-03, 1.657782436767979e-03, -1.118921087610660e+03, 3.397606138120953e+00, 7.253551741184580e-17
100, 6.269481733157067e-02, 4.782364236889362e-02, 7.460243763859032e-01, 0.000000000000000e+00, 0.000000000000000e+00, 1.984322334152580e+00, 1.000000000000000e-10, 1.008494935106074e+06, 7.937289336311909e-01, 1.063945038198874e+00, 0.000000000000000e+00, -7.491993994119636e-01, 9.924345853942816e-08, 5.042669098893093e-03, 1.778204197656840e-03, -1.142456124628440e+03, 3.424713029933898e+00, 7.397403284304230e-17
101, 5.600355341035970e-02, 4.537746288493753e-02, 7.542567398624200e-01, 0.000000000000000e+00, 0.000000000000000e+00, 2.006789712856270e+00, 1.000000000000000e-10, 9.976175007979624e+05, 8.027158851123377e-01, 1.064247546874765e+00, 0.000000000000000e+00, -7.165577945046562e-01, 9.926503685291521e-08, 5.026954961596278e-03, 1.907611546164167e-03, -1.166709620177430e+03, 3.452408035722812e+00, 7.560580456845841e-17
102, 4.956657036507950e-02, 4.284178044940254e-02, 7.638981775634143e-01, 0.000000000000000e+00, 0.000000000000000e+00, 2.033091221969877e+00, 1.000000000000000e-10, 9.851636421032337e+05, 8.132364887573947e-01, 1.064587549287464e+00, 0.000000000000000e+00, -6.783457947749650e-01, 9.928928605481672e-08, 5.004902963710708e-03, 2.049882966768229e-03, -1.193053296698516e+03, 3.483836410347996e+00, 7.754023220613530e-17
103, 4.339422120379398e-02, 4.021299606110978e-02, 7.746501883095166e-01, 0.000000000000000e+00, 0.000000000000000e+00, 2.062519015834015e+00, 1.000000000000000e-10, 9.716846110950568e+05, 8.250076063026197e-01, 1.065006655588629e+00, 0.000000000000000e+00, -6.355917898117962e-01, 9.931917177965317e-08, 4.959112043451916e-03, 2.200678986136010e-03, -1.216259952630239e+03, 3.512817185820615e+00, 7.972238909612671e-17
104, 3.749901918987202e-02, 3.748662693548546e-02, 7.872945515429794e-01, 0.000000000000000e+00, 0.000000000000000e+00, 2.097138544200822e+00, 1.000000000000000e-10, 9.562919500380644e+05, 8.388554176488369e-01, 1.065491201488447e+00, 0.000000000000000e+00, -5.852950025483507e-01, 9.935371670522422e-08, 4.897839808434572e-03, 2.366668136196285e-03, -1.241441553564253e+03, 3.544878809511846e+00, 8.232784450911181e-17
105, 3.189629651878950e-02, 3.465712387077735e-02, 8.021192161930804e-01, 0.000000000000000e+00, 0.000000000000000e+00, 2.137783658564704e+00, 1.000000000000000e-10, 9.388718295295092e+05, 8.551134633937965e-01, 1.066067794077084e+00, 0.000000000000000e+00, -5.262439765263229e-01, 9.939481392411070e-08, 4.808676386409356e-03, 2.546428142042651e-03, -1.264148684850718e+03, 3.577316615057621e+00, 8.543436804722294e-17
106, 2.660505371696336e-02, 3.171774210533584e-02, 8.192918941284359e-01, 0.000000000000000e+00, 0.000000000000000e+00, 2.184999610845170e+00, 1.000000000000000e-10, 9.195139421532060e+05, 8.739998443052963e-01, 1.066774675264008e+00, 0.000000000000000e+00, -4.576465455581719e-01, 9.944518273404786e-08, 4.674577865114534e-03, 2.735596123147790e-03, -1.280154532334901e+03, 3.605473525229404e+00, 8.910054048246540e-17
107, 2.164927960309951e-02, 2.866049689027790e-02, 8.402302636876154e-01, 0.000000000000000e+00, 0.000000000000000e+00, 2.242578793906719e+00, 1.000000000000000e-10, 8.969383115520995e+05, 8.970315175290782e-01, 1.067602008992360e+00, 0.000000000000000e+00, -3.739929529798616e-01, 9.950411361445839e-08, 4.497032187642724e-03, 2.940492971455263e-03, -1.291476225408333e+03, 3.634899684403646e+00, 9.367759755760431e-17
108, 1.705985897353221e-02, 2.547638627707266e-02, 8.652736069883430e-01, 0.000000000000000e+00, 0.000000000000000e+00, 2.311592573734460e+00, 1.000000000000000e-10, 8.713756778572898e+05, 9.246370294591729e-01, 1.068606533229933e+00, 0.000000000000000e+00, -2.737266707398325e-01, 9.957563566568058e-08, 4.241523002521645e-03, 3.144942065194827e-03, -1.282910644614290e+03, 3.654624344597497e+00, 9.929971964242107e-17
109, 1.287669737455244e-02, 2.215593170118520e-02, 8.956281952597539e-01, 0.000000000000000e+00, 0.000000000000000e+00, 2.395369550437096e+00, 1.000000000000000e-10, 8.422630093195721e+05, 9.581478201390133e-01, 1.069805333519148e+00, 0.000000000000000e+00, -1.520117608732839e-01, 9.966094701900491e-08, 3.885695376683990e-03, 3.334016340153098e-03, -1.244757392079363e+03, 3.659087165061740e+00, 1.063359287449579e-16
110, 9.152163792662751e-03, 1.869140125118322e-02, 9.340810660656178e-01, 0.000000000000000e+00, 0.000000000000000e+00, 2.501374489888694e+00, 1.000000000000000e-10, 8.079223871325959e+05, 1.000549795918114e+00, 1.071159487401308e+00, 0.000000000000000e+00, 1.996919776008900e-03, 9.975725756073498e-08, 3.416957529781469e-03, 3.491951200544457e-03, -1.163563001298017e+03, 3.648217093618059e+00, 1.156151975928734e-16
111, 5.953989391629798e-03, 1.508128759417125e-02, 9.810364893127669e-01, 0.000000000000000e+00, 0.000000000000000e+00, 2.630868664189025e+00, 1.000000000000000e-10, 7.694812233574226e+05, 1.052347465636368e+00, 1.072689422972999e+00, 0.000000000000000e+00, 1.901318032912244e-01, 9.986599824351147e-08, 2.787343628615203e-03, 3.541300302543883e-03, -1.002425231596445e+03, 3.589207745818063e+00, 1.274932328193345e-16
112, 3.365740413896002e-03, 1.133979140605832e-02, 1.037185958347448e+00, 0.000000000000000e+00, 0.000000000000000e+00, 2.785698637106606e+00, 1.000000000000000e-10, 7.278685536151574e+05, 1.114279454801155e+00, 1.074329483380724e+00, 0.000000000000000e+00, 4.150756594677612e-01, 9.998248156390997e-08, 2.005133516914312e-03, 3.390461576819858e-03, -7.517860891183848e+02, 3.449346174947616e+00, 1.424963273399007e-16
113, 1.477506925865611e-03, 7.512045111587042e-03, 1.099201287060835e+00, 0.000000000000000e+00, 0.000000000000000e+00, 2.956816615306476e+00, 1.000000000000000e-10, 6.867877832192940e+05, 1.182726646078622e+00, 1.075987319157100e+00, 0.000000000000000e+00, 6.636834525977270e-01, 1.001001386343932e-07, 1.142078529147613e-03, 2.903701424879538e-03, -4.341319723452468e+02, 3.160030070248499e+00, 1.600496270535065e-16
114, 3.565072362121228e-04, 3.688903623099139e-03, 1.154575087217941e+00, 0.000000000000000e+00, 0.000000000000000e+00, 3.109810221663838e+00, 1.000000000000000e-10, 6.540597427750467e+05, 1.243924088619352e+00, 1.077386912631821e+00, 0.000000000000000e+00, 8.859593539356564e-01, 1.001993988567003e-07, 4.141165743125849e-04, 2.105480748166035e-03, -1.540884427338535e+02, 2.685025232702166e+00, 1.765244075818458e-16
115, 3.565072401307991e-04, -3.688903643364713e-03, 1.210062673695255e+00, 0.000000000000000e+00, 0.000000000000000e+00, 3.263144670532592e+00, 1.000000000000000e-10, 6.250238984290998e+05, 1.305257868164634e+00, 1.078669639630049e+00, 0.000000000000000e+00, 1.108730446401098e+00, 1.002903151744340e-07, -4.484179809902030e-05, 2.279878371348563e-04, 8.795537728367326e+01, 9.037067671431852e-01, 1.936026248836701e-16
116, 1.477506941877612e-03, -7.512045152305613e-03, 1.201290983821263e+00, 0.000000000000000e+00, 0.000000000000000e+00, 3.239168382833675e+00, 1.000000000000000e-10, 6.304045674546016e+05, 1.295667353085418e+00, 1.078562455337796e+00, 0.000000000000000e+00, 1.073896631538509e+00, 1.002827202693779e-07, 2.384075165419840e-04, -6.061441696504602e-04, 6.507239563175503e+01, 1.506597596252370e+00, 1.905587373682138e-16
117, 3.365740450325749e-03, -1.133979146743628e-02, 1.175357767725196e+00, 0.000000000000000e+00, 0.000000000000000e+00, 3.167705092895833e+00, 1.000000000000000e-10, 6.452653419694351e+05, 1.267082037111319e+00, 1.078039446290169e+00, 0.000000000000000e+00, 9.700715922986133e-01, 1.002456553726645e-07, 7.367165371820961e-04, -1.245707120111816e-03, -2.399346782441118e+01, 2.219884717031026e+00, 1.821510767528040e-16
118, 5.953989455916223e-03, -1.508128767551995e-02, 1.141492926045473e+00, 0.000000000000000e+00, 0.000000000000000e+00, 3.074093224282358e+00, 1.000000000000000e-10, 6.649887087831257e+05, 1.229637289667283e+00, 1.077218493089724e+00, 0.000000000000000e+00, 8.340681149808366e-01, 1.001874577714062e-07, 1.320190003412239e-03, -1.677292022873444e-03, -1.487391038589437e+02, 2.655949919851380e+00, 1.716559863057278e-16
119, 9.152163890082977e-03, -1.869140135039802e-02, 1.107579677076527e+00, 0.000000000000000e+00, 0.000000000000000e+00, 2.980193067196404e+00, 1.000000000000000e-10, 6.855166373008698e+05, 1.192077226834258e+00, 1.076290267424159e+00, 0.000000000000000e+00, 6.976457993756795e-01, 1.001216293313306e-07, 1.863892206466242e-03, -1.904799967908152e-03, -2.745413638535773e+02, 2.923365225870097e+00, 1.615686064827614e-16
120, 1.287669750906446e-02, -2.215593181627439e-02, 1.076713405902523e+00, 0.000000000000000e+00, 0.000000000000000e+00, 2.894623377426797e+00, 1.000000000000000e-10, 7.050512792030281e+05, 1.157849350927650e+00, 1.075355191623269e+00, 0.000000000000000e+00, 5.733263564028687e-01, 1.000552868771605e-07, 2.329488130761722e-03, -1.998754585127142e-03, -3.813792019135444e+02, 3.094138716976290e+00, 1.527141980740870e-16
121, 1.705985914879979e-02, -2.547638640674176e-02, 1.048660573483491e+00, 0.000000000000000e+00, 0.000000000000000e+00, 2.816918264197210e+00, 1.000000000000000e-10, 7.236578122741119e+05, 1.126767305636937e+00, 1.074482376975410e+00, 0.000000000000000e+00, 4.604329192658289e-01, 9.999333619671800e-08, 2.703942792887657e-03, -2.004879704949280e-03, -4.622910110837898e+02, 3.198919779986088e+00, 1.449111108770049e-16
122, 2.164927982151172e-02, -2.866049703284821e-02, 1.024238450311545e+00, 0.000000000000000e+00, 0.000000000000000e+00, 2.749268753524241e+00, 1.000000000000000e-10, 7.405924167065067e+05, 1.099707501368727e+00, 1.073683087209064e+00, 0.000000000000000e+00, 3.621487078015782e-01, 9.993658248451344e-08, 3.005901055734006e-03, -1.965480901870206e-03, -5.226361626874110e+02, 3.266891350168421e+00, 1.382998837818638e-16
123, 2.660505398161096e-02, -3.171774225999999e-02, 1.002360040290100e+00, 0.000000000000000e+00, 0.000000000000000e+00, 2.688765550954618e+00, 1.000000000000000e-10, 7.564318407299445e+05, 1.075506220341753e+00, 1.072973958569301e+00, 0.000000000000000e+00, 2.742469699107665e-01, 9.988621330857260e-08, 3.242087648593012e-03, -1.897292677500174e-03, -5.657398717864214e+02, 3.306543431355250e+00, 1.325116140874013e-16
124, 3.189629683978065e-02, -3.465712404057840e-02, 9.831284014428240e-01, 0.000000000000000e+00, 0.000000000000000e+00, 2.635619664079678e+00, 1.000000000000000e-10, 7.709087126271224e+05, 1.054247865592546e+00, 1.072339954827211e+00, 0.000000000000000e+00, 1.970342667868319e-01, 9.984116638986730e-08, 3.431792796878719e-03, -1.817301270665960e-03, -5.976653343874827e+02, 3.330771753516260e+00, 1.275285110550780e-16
125, 3.749901956251714e-02, -3.748662711539637e-02, 9.659104359128675e-01, 0.000000000000000e+00, 0.000000000000000e+00, 2.588101912345928e+00, 1.000000000000000e-10, 7.843500983371609e+05, 1.035240764899735e+00, 1.071777181826744e+00, 0.000000000000000e+00, 1.279983681787557e-01, 9.980116956835514e-08, 3.583324583743929e-03, -1.731485797276676e-03, -6.214205989615822e+02, 3.343416426516482e+00, 1.231478697265880e-16
126, 4.339422163108978e-02, -4.021299625059916e-02, 9.503758700407530e-01, 0.000000000000000e+00, 0.000000000000000e+00, 2.545289607073002e+00, 1.000000000000000e-10, 7.968953383446881e+05, 1.018115842791185e+00, 1.071277033525197e+00, 0.000000000000000e+00, 6.579875102177668e-02, 9.976561489299507e-08, 3.703958396604607e-03, -1.643686065165666e-03, -6.385472104915056e+02, 3.347601309996686e+00, 1.192598106324218e-16
127, 4.956657084943160e-02, -4.284178064767043e-02, 9.365046441434811e-01, 0.000000000000000e+00, 0.000000000000000e+00, 2.507077892141524e+00, 1.000000000000000e-10, 8.084381962894684e+05, 1.002831156819149e+00, 1.070823474384721e+00, 0.000000000000000e+00, 1.028307569203644e-02, 9.973336511657558e-08, 3.804851104348120e-03, -1.558371756607898e-03, -6.523643810540294e+02, 3.348327282486503e+00, 1.158412170361915e-16
128, 5.600355395313822e-02, -4.537746309081472e-02, 9.237268504877918e-01, 0.000000000000000e+00, 0.000000000000000e+00, 2.471936483326375e+00, 1.000000000000000e-10, 8.193863850354725e+05, 9.887745932936008e-01, 1.070418807000640e+00, 0.000000000000000e+00, -4.077192264838646e-02, 9.970458607145109e-08, 3.885142501408391e-03, -1.474320479308438e-03, -6.624563724332445e+02, 3.344001435645266e+00, 1.127339761554043e-16
129, 6.269481793494355e-02, -4.782364258158280e-02, 9.121103535766121e-01, 0.000000000000000e+00, 0.000000000000000e+00, 2.440011698487465e+00, 1.000000000000000e-10, 8.296047121085331e+05, 9.760046793585013e-01, 1.070051091440135e+00, 0.000000000000000e+00, -8.715366691887476e-02, 9.967843032855749e-08, 3.951365470622832e-03, -1.393376103731668e-03, -6.699968497028864e+02, 3.337455123318044e+00, 1.099451753004410e-16
130, 6.963166713544693e-02, -5.018316567346808e-02, 9.014237090704931e-01, 0.000000000000000e+00, 0.000000000000000e+00, 2.410675053881153e+00, 1.000000000000000e-10, 8.392450004081813e+05, 9.642700215164041e-01, 1.069718947719620e+00, 0.000000000000000e+00, -1.297752461949761e-01, 9.965480103324356e-08, 4.003511740654801e-03, -1.314824928533544e-03, -6.743793379181122e+02, 3.328109934309622e+00, 1.074088865702808e-16
131, 7.680673016602176e-02, -5.245824719689593e-02, 8.917823602140788e-01, 0.000000000000000e+00, 0.000000000000000e+00, 2.384204112797290e+00, 1.000000000000000e-10, 8.481335011884039e+05, 9.536816450832444e-01, 1.069410752702382e+00, 0.000000000000000e+00, -1.682334042106394e-01, 9.963287227203754e-08, 4.048607942072192e-03, -1.240351405802081e-03, -6.777586909087265e+02, 3.318994230972560e+00, 1.051464610749279e-16
132, 8.421371068370785e-02, -5.465059212555751e-02, 8.827915042044435e-01, 0.000000000000000e+00, 0.000000000000000e+00, 2.359553543990604e+00, 1.000000000000000e-10, 8.566064686747906e+05, 9.438214175609299e-01, 1.069132873465389e+00, 0.000000000000000e+00, -2.040468445919240e-01, 9.961309788851074e-08, 4.083198273458275e-03, -1.168243542836949e-03, -6.793142898897787e+02, 3.307800750216523e+00, 1.030568339109764e-16
133, 9.184715371594974e-02, -5.676146161779507e-02, 8.745283796192569e-01, 0.000000000000000e+00, 0.000000000000000e+00, 2.336911909906177e+00, 1.000000000000000e-10, 8.645493334878079e+05, 9.347647639274896e-01, 1.068878707326180e+00, 0.000000000000000e+00, -2.369416154500127e-01, 9.959500876406996e-08, 4.110584228288681e-03, -1.099049001852037e-03, -6.795744772333428e+02, 3.295942101510561e+00, 1.011542484904906e-16
134, 9.970232123351103e-02, -5.879178982871783e-02, 8.668724234167314e-01, 0.000000000000000e+00, 0.000000000000000e+00, 2.315955652301879e+00, 1.000000000000000e-10, 8.720519815886866e+05, 9.263822608860764e-01, 1.068648899032675e+00, 0.000000000000000e+00, -2.673877965589371e-01, 9.957865138301782e-08, 4.129657228031310e-03, -1.032092460404241e-03, -6.777698172409853e+02, 3.282664990774355e+00, 9.940604955102904e-17
135, 1.077750764720708e-01, -6.074220095734808e-02, 8.599633078258615e-01, 0.000000000000000e+00, 0.000000000000000e+00, 2.297038387702708e+00, 1.000000000000000e-10, 8.789345369725232e+05, 9.188153550466845e-01, 1.068435532871294e+00, 0.000000000000000e+00, -2.948716381372950e-01, 9.956346278186909e-08, 4.144710081112501e-03, -9.681364826683169e-04, -6.752079475129658e+02, 3.269892824100706e+00, 9.784156534701086e-17
136, 1.160617705922427e-01, -6.261308961823213e-02, 8.535158816542306e-01, 0.000000000000000e+00, 0.000000000000000e+00, 2.279405676859322e+00, 1.000000000000000e-10, 8.854641732913977e+05, 9.117622707095878e-01, 1.068242888395314e+00, 0.000000000000000e+00, -3.204892230093623e-01, 9.954974798886712e-08, 4.154627457793857e-03, -9.065778219374088e-04, -6.719221983059922e+02, 3.256562673065258e+00, 9.639191611976740e-17
137, 1.245591821623489e-01, -6.440464678057466e-02, 8.475981212114932e-01, 0.000000000000000e+00, 0.000000000000000e+00, 2.263232143491393e+00, 1.000000000000000e-10, 8.915492090390915e+05, 9.052928573626530e-01, 1.068068504055549e+00, 0.000000000000000e+00, -3.439868500852082e-01, 9.953733213017095e-08, 4.159692762835373e-03, -8.472397995422958e-04, -6.675928914989419e+02, 3.242867134293596e+00, 9.507025682545258e-17
138, 1.332644456718940e-01, -6.611690391824318e-02, 8.421690161596750e-01, 0.000000000000000e+00, 0.000000000000000e+00, 2.248406218247925e+00, 1.000000000000000e-10, 8.972135364252196e+05, 8.993624872654832e-01, 1.067912105537453e+00, 0.000000000000000e+00, -3.655266122695284e-01, 9.952619598489997e-08, 4.159802075273325e-03, -7.899183154416321e-04, -6.619046440877185e+02, 3.228643829271201e+00, 9.386494781106476e-17
139, 1.421750212079682e-01, -6.774977562377621e-02, 8.373309485944681e-01, 0.000000000000000e+00, 0.000000000000000e+00, 2.235192437720724e+00, 1.000000000000000e-10, 9.023247440677208e+05, 8.940769750547962e-01, 1.067770129069732e+00, 0.000000000000000e+00, -3.847241790613296e-01, 9.951608604980138e-08, 4.156205326925138e-03, -7.346958800128890e-04, -6.553086428122024e+02, 3.214542804414084e+00, 9.279707285781394e-17
140, 1.512886494169670e-01, -6.930305743819330e-02, 8.328691189808879e-01, 0.000000000000000e+00, 0.000000000000000e+00, 2.223021399247249e+00, 1.000000000000000e-10, 9.070973039048973e+05, 8.892085596655845e-01, 1.067645010963589e+00, 0.000000000000000e+00, -4.024068039194560e-01, 9.950717602745403e-08, 4.149475684594709e-03, -6.815202661355240e-04, -6.483851549863803e+02, 3.200328966150587e+00, 9.181695469497523e-17
141, 1.606033167457609e-01, -7.077648498032646e-02, 8.288207685821010e-01, 0.000000000000000e+00, 0.000000000000000e+00, 2.211988984215610e+00, 1.000000000000000e-10, 9.114780571999559e+05, 8.847955936530908e-01, 1.067535500065652e+00, 0.000000000000000e+00, -4.184351861079414e-01, 9.949937701943500e-08, 4.139386995228387e-03, -6.302172516317683e-04, -6.407587374988595e+02, 3.185953090843248e+00, 9.093151103671871e-17
142, 1.701172244810449e-01, -7.216968789403232e-02, 8.252227925850960e-01, 0.000000000000000e+00, 0.000000000000000e+00, 2.202190481435784e+00, 1.000000000000000e-10, 9.154132426152724e+05, 8.808761925413044e-01, 1.067440454209788e+00, 0.000000000000000e+00, -4.326708858146306e-01, 9.949260784647119e-08, 4.125956740186790e-03, -5.806869203419651e-04, -6.322800598305570e+02, 3.171462794215533e+00, 9.014757005675899e-17
143, 1.798287924449007e-01, -7.348227735257935e-02, 8.220123337932885e-01, 0.000000000000000e+00, 0.000000000000000e+00, 2.193459293147328e+00, 1.000000000000000e-10, 9.189622668350240e+05, 8.773837172260507e-01, 1.067360769609433e+00, 0.000000000000000e+00, -4.453559436596842e-01, 9.948693247556327e-08, 4.108923542669093e-03, -5.328228169102642e-04, -6.227514272327243e+02, 3.156604410205566e+00, 8.945006395615619e-17
144, 1.897366057130543e-01, -7.471382235297752e-02, 8.192915969907190e-01, 0.000000000000000e+00, 0.000000000000000e+00, 2.186060253195568e+00, 1.000000000000000e-10, 9.219967962945347e+05, 8.744241012454551e-01, 1.067292896030229e+00, 0.000000000000000e+00, -4.561055972790031e-01, 9.948209815640564e-08, 4.089326810483919e-03, -4.866958625814074e-04, -6.125197238677553e+02, 3.141951076111589e+00, 8.886056892172506e-17
145, 1.998394362227074e-01, -7.586386678908034e-02, 8.169136535501130e-01, 0.000000000000000e+00, 0.000000000000000e+00, 2.179601859230639e+00, 1.000000000000000e-10, 9.246707118379910e+05, 8.718407436595786e-01, 1.067237326577620e+00, 0.000000000000000e+00, -4.654886386617652e-01, 9.947814009071518e-08, 4.068530904495667e-03, -4.423783031815819e-04, -6.026096179767483e+02, 3.127713864258439e+00, 8.834643995335374e-17
146, 2.101362078311284e-01, -7.693190587806550e-02, 8.147414916014840e-01, 0.000000000000000e+00, 0.000000000000000e+00, 2.173720928567684e+00, 1.000000000000000e-10, 9.271358058437129e+05, 8.694883713944839e-01, 1.067195399224591e+00, 0.000000000000000e+00, -4.740327157309709e-01, 9.947515364896304e-08, 4.045644466501526e-03, -3.996871198953123e-04, -5.925627687050968e+02, 3.113257845646341e+00, 8.787725467310729e-17
147, 2.206259835516134e-01, -7.791746178568726e-02, 8.129326753168231e-01, 0.000000000000000e+00, 0.000000000000000e+00, 2.168832845142494e+00, 1.000000000000000e-10, 9.292077323577838e+05, 8.675331380244802e-01, 1.067164802652788e+00, 0.000000000000000e+00, -4.811343402695180e-01, 9.947297425067304e-08, 4.020278834545888e-03, -3.585319841820037e-04, -5.817780047666155e+02, 3.098713515321897e+00, 8.748664574033041e-17
148, 2.313079728574046e-01, -7.882002240826221e-02, 8.115207381202078e-01, 0.000000000000000e+00, 0.000000000000000e+00, 2.165023756378850e+00, 1.000000000000000e-10, 9.308403960019347e+05, 8.660095025190792e-01, 1.067144019664967e+00, 0.000000000000000e+00, -4.866683534768196e-01, 9.947149385793789e-08, 3.993236988773374e-03, -3.189359891915559e-04, -5.707074062489380e+02, 3.084429811618923e+00, 8.718151288961789e-17
149, 2.421815324776073e-01, -7.963908270090135e-02, 8.103289725149424e-01, 0.000000000000000e+00, 0.000000000000000e+00, 2.161827787984584e+00, 1.000000000000000e-10, 9.322346063309334e+05, 8.647311151614202e-01, 1.067135872579793e+00, 0.000000000000000e+00, -4.913115982005438e-01, 9.947091352916386e-08, 3.964273731008309e-03, -2.808308470488804e-04, -5.594613857382533e+02, 3.069943762745924e+00, 8.692328827229292e-17
150, 2.532461426281262e-01, -8.037413174012384e-02, 8.094501129245644e-01, 0.000000000000000e+00, 0.000000000000000e+00, 2.159489033533457e+00, 1.000000000000000e-10, 9.332808959028968e+05, 8.637956133810046e-01, 1.067138789146732e+00, 0.000000000000000e+00, -4.947094444635917e-01, 9.947112128073550e-08, 3.933086704097493e-03, -2.441610138153144e-04, -5.476054999898405e+02, 3.055291801308931e+00, 8.673167084159721e-17
151, 2.645014079391491e-01, -8.102467214525408e-02, 8.089622122942843e-01, 0.000000000000000e+00, 0.000000000000000e+00, 2.158209917490368e+00, 1.000000000000000e-10, 9.338831314598796e+05, 8.632839669637886e-01, 1.067149928444054e+00, 0.000000000000000e+00, -4.965678010195430e-01, 9.947191474754203e-08, 3.900834083701937e-03, -2.089630414045906e-04, -5.356813571090790e+02, 3.041050078965196e+00, 8.662349568128443e-17
152, 2.759470571998673e-01, -8.159019272856634e-02, 8.086085204671777e-01, 0.000000000000000e+00, 0.000000000000000e+00, 2.157311529846044e+00, 1.000000000000000e-10, 9.343394574476749e+05, 8.629246119060733e-01, 1.067172296685069e+00, 0.000000000000000e+00, -4.978730184606290e-01, 9.947350805452217e-08, 3.866835305057079e-03, -1.751543452569035e-04, -5.236189511361731e+02, 3.026439343607877e+00, 8.654333452281896e-17
153, 2.875829526433238e-01, -8.207018676670445e-02, 8.085995510408377e-01, 0.000000000000000e+00, 0.000000000000000e+00, 2.157348590150268e+00, 1.000000000000000e-10, 9.344029013862350e+05, 8.629394360277629e-01, 1.067202467422816e+00, 0.000000000000000e+00, -4.978191756058739e-01, 9.947565711340244e-08, 3.831668328758523e-03, -1.427300838394891e-04, -5.113638621472849e+02, 3.012063484289971e+00, 8.653649850948719e-17
154, 2.994090692165500e-01, -8.246415536177507e-02, 8.087966548550508e-01, 0.000000000000000e+00, 0.000000000000000e+00, 2.157954753241571e+00, 1.000000000000000e-10, 9.342350312177009e+05, 8.631819012642764e-01, 1.067242175252286e+00, 0.000000000000000e+00, -4.969385149646504e-01, 9.947848545305888e-08, 3.795199397995334e-03, -1.116487445086910e-04, -4.990324911485765e+02, 2.997583181137522e+00, 8.657314590423754e-17
155, 3.114255083371469e-01, -8.277159692462656e-02, 8.092368497822946e-01, 0.000000000000000e+00, 0.000000000000000e+00, 2.159226736601289e+00, 1.000000000000000e-10, 9.337929459791373e+05, 8.636906946081458e-01, 1.067290367264542e+00, 0.000000000000000e+00, -4.950905210876506e-01, 9.948191804128278e-08, 3.757383913816543e-03, -8.187723234651748e-05, -4.864469658032813e+02, 2.983028168520866e+00, 8.666127272623381e-17
156, 3.236324796189080e-01, -8.299200821025454e-02, 8.099717666217081e-01, 0.000000000000000e+00, 0.000000000000000e+00, 2.161297039292611e+00, 1.000000000000000e-10, 9.330146840810374e+05, 8.645188156846454e-01, 1.067344383237513e+00, 0.000000000000000e+00, -4.920826934554197e-01, 9.948576536435479e-08, 3.719352871810750e-03, -5.339973508618023e-05, -4.741147230014244e+02, 2.968925256735042e+00, 8.681232806892657e-17
157, 3.360303452862012e-01, -8.312485509081892e-02, 8.108096845393389e-01, 0.000000000000000e+00, 0.000000000000000e+00, 2.163656482319844e+00, 1.000000000000000e-10, 9.321234188471392e+05, 8.654625928955050e-01, 1.067405347269893e+00, 0.000000000000000e+00, -4.886547899108166e-01, 9.949010745285865e-08, 3.680910803059328e-03, -2.616539462199460e-05, -4.621578516190486e+02, 2.954824923957972e+00, 8.698522856771755e-17
158, 3.486195631494585e-01, -8.316962645095902e-02, 8.118030677457770e-01, 0.000000000000000e+00, 0.000000000000000e+00, 2.166445094665743e+00, 1.000000000000000e-10, 9.310603956679166e+05, 8.665780378338248e-01, 1.067473223820338e+00, 0.000000000000000e+00, -4.846033701330561e-01, 9.949494173396015e-08, 3.641493109584181e-03, -1.313401265984637e-07, -4.501309587360429e+02, 2.940580102198438e+00, 8.719123629648680e-17
159, 3.614007387459358e-01, -8.312577014148320e-02, 8.130190550471219e-01, 0.000000000000000e+00, 0.000000000000000e+00, 2.169840938619362e+00, 1.000000000000000e-10, 9.297501491720671e+05, 8.679363754152239e-01, 1.067547396370580e+00, 0.000000000000000e+00, -4.796697373260032e-01, 9.950022425435672e-08, 3.600949710438678e-03, 2.473570332944695e-05, -4.378268415101495e+02, 2.926232012863007e+00, 8.744489664280983e-17
160, 3.743746005325824e-01, -8.299270952204411e-02, 8.145116728174773e-01, 0.000000000000000e+00, 0.000000000000000e+00, 2.173983783673761e+00, 1.000000000000000e-10, 9.281298871537845e+05, 8.695935134369239e-01, 1.067625600046852e+00, 0.000000000000000e+00, -4.736508281670205e-01, 9.950579367404114e-08, 3.560612995107292e-03, 4.847747947991626e-05, -4.258925482320270e+02, 2.912403113671162e+00, 8.775837154409480e-17
161, 3.875420108045691e-01, -8.276985867861357e-02, 8.160137669707259e-01, 0.000000000000000e+00, 0.000000000000000e+00, 2.178164006359005e+00, 1.000000000000000e-10, 9.265088376839601e+05, 8.712656025109612e-01, 1.067709440424450e+00, 0.000000000000000e+00, -4.675776151270871e-01, 9.951176429970787e-08, 3.519361652470986e-03, 7.112397014401631e-05, -4.140358886515129e+02, 2.898138806560633e+00, 8.807404050289639e-17
162, 4.009039578795529e-01, -8.245656876522220e-02, 8.177439168505372e-01, 0.000000000000000e+00, 0.000000000000000e+00, 2.182962319001442e+00, 1.000000000000000e-10, 9.246378877295179e+05, 8.731849275678666e-01, 1.067797521418264e+00, 0.000000000000000e+00, -4.606064135658424e-01, 9.951803666989494e-08, 3.477908295763082e-03, 9.272553979379564e-05, -4.023007589548621e+02, 2.884108258731338e+00, 8.843936958776653e-17
163, 4.144615872575590e-01, -8.205214790381690e-02, 8.195805778260487e-01, 0.000000000000000e+00, 0.000000000000000e+00, 2.188056297370572e+00, 1.000000000000000e-10, 9.226586142273365e+05, 8.752225189154452e-01, 1.067890751190064e+00, 0.000000000000000e+00, -4.532056557148917e-01, 9.952467541538951e-08, 3.435681114213784e-03, 1.133022832926399e-04, -3.905356346752070e+02, 2.869841363415897e+00, 8.882815022267227e-17
164, 4.282161850704919e-01, -8.155586302459387e-02, 8.216423652607989e-01, 0.000000000000000e+00, 0.000000000000000e+00, 2.193758559105289e+00, 1.000000000000000e-10, 9.204367183884707e+05, 8.775034236092496e-01, 1.067987071638790e+00, 0.000000000000000e+00, -4.449211567941426e-01, 9.953153394468504e-08, 3.393738682082259e-03, 1.329260743781837e-04, -3.791286315200244e+02, 2.855976708999667e+00, 8.926657867360185e-17
165, 4.421692031555565e-01, -8.096689504355850e-02, 8.237254057314692e-01, 0.000000000000000e+00, 0.000000000000000e+00, 2.199527270304335e+00, 1.000000000000000e-10, 9.182052424683579e+05, 8.798109080887846e-01, 1.068087619936296e+00, 0.000000000000000e+00, -4.365401171425172e-01, 9.953869319580859e-08, 3.351021948533914e-03, 1.515991937844951e-04, -3.677657353036162e+02, 2.841699467862234e+00, 8.971037952883980e-17
166, 4.563222290330043e-01, -8.028435431154213e-02, 8.259854426914335e-01, 0.000000000000000e+00, 0.000000000000000e+00, 2.205777153574920e+00, 1.000000000000000e-10, 9.157909077000389e+05, 8.823108613969284e-01, 1.068191781349029e+00, 0.000000000000000e+00, -4.274600093504217e-01, 9.954610935989339e-08, 3.307868176192588e-03, 1.693688063563019e-04, -3.563859749868483e+02, 2.827407665046335e+00, 9.019367171376198e-17
167, 4.706770401752780e-01, -7.950724246048982e-02, 8.284105698460776e-01, 0.000000000000000e+00, 0.000000000000000e+00, 2.212475099563982e+00, 1.000000000000000e-10, 9.132089280281430e+05, 8.849900397924561e-01, 1.068298826700016e+00, 0.000000000000000e+00, -4.177289361554156e-01, 9.955373048737989e-08, 3.264772851946253e-03, 1.862971445151367e-04, -3.452349175878138e+02, 2.813279095459905e+00, 9.071424365788206e-17
168, 4.852355841035954e-01, -7.863447674508531e-02, 8.309013903134789e-01, 0.000000000000000e+00, 0.000000000000000e+00, 2.219354835356845e+00, 1.000000000000000e-10, 9.105709471148446e+05, 8.877419341095018e-01, 1.068408290633114e+00, 0.000000000000000e+00, -4.077337506654181e-01, 9.956152341935237e-08, 3.221730283222793e-03, 2.024280042305105e-04, -3.343577650092132e+02, 2.799133624741754e+00, 9.125059340258393e-17
169, 5.145879772049348e-01, -7.662540242207970e-02, 8.360904930970250e-01, 0.000000000000000e+00, 0.000000000000000e+00, 2.233680052261885e+00, 1.000000000000000e-10, 9.051180776200315e+05, 8.934720208713102e-01, 1.068630762157974e+00, 0.000000000000000e+00, -3.869214397771351e-01, 9.957736035629651e-08, 3.136495545543921e-03, 2.318404205792772e-04, -3.134472167479198e+02, 2.771071902561805e+00, 9.237363788863609e-17
170, 5.289751233885367e-01, -7.552306507154852e-02, 8.387721375559087e-01, 0.000000000000000e+00, 0.000000000000000e+00, 2.241079291963227e+00, 1.000000000000000e-10, 9.023227060319470e+05, 8.964317167517397e-01, 1.068742840414138e+00, 0.000000000000000e+00, -3.761714959527540e-01, 9.958533818639387e-08, 3.094528471337406e-03, 2.450489117791554e-04, -3.034195018137262e+02, 2.757212595173348e+00, 9.295700245549197e-17
171, 5.431638747364131e-01, -7.436253987030132e-02, 8.414752304233122e-01, 0.000000000000000e+00, 0.000000000000000e+00, 2.248536865074999e+00, 1.000000000000000e-10, 8.995209137937771e+05, 8.994147459963403e-01, 1.068854689333971e+00, 0.000000000000000e+00, -3.653368027608007e-01, 9.959329928310944e-08, 3.053383485862797e-03, 2.573183620907798e-04, -2.938631773067862e+02, 2.743577281269695e+00, 9.354704487978663e-17
172, 5.571564927848398e-01, -7.314813121600536e-02, 8.441666120585009e-01, 0.000000000000000e+00, 0.000000000000000e+00, 2.255963040257665e+00, 1.000000000000000e-10, 8.967477991661435e+05, 9.023852160692990e-01, 1.068965774266803e+00, 0.000000000000000e+00, -3.545477258737265e-01, 9.960120559697304e-08, 3.013147666981001e-03, 2.687462040525437e-04, -2.847912635403030e+02, 2.730156338340755e+00, 9.413645792175593e-17
173, 5.709551125741096e-01, -7.188380649900072e-02, 8.468182784199362e-01, 0.000000000000000e+00, 0.000000000000000e+00, 2.263282843538946e+00, 1.000000000000000e-10, 8.940331049863856e+05, 9.053131373817056e-01, 1.069076046717974e+00, 0.000000000000000e+00, -3.439131908058833e-01, 9.960905368507255e-08, 2.973563372638027e-03, 2.793886277051484e-04, -2.759469334839630e+02, 2.716793508385197e+00, 9.471889534405700e-17
174, 5.845617025418235e-01, -7.057320578598748e-02, 8.495769191499334e-01, 0.000000000000000e+00, 0.000000000000000e+00, 2.270889796851225e+00, 1.000000000000000e-10, 8.912224298758610e+05, 9.083559187065067e-01, 1.069186201074514e+00, 0.000000000000000e+00, -3.328614714289789e-01, 9.961689297200499e-08, 2.934234488456697e-03, 2.892757851342730e-04, -2.672622253411295e+02, 2.703543216610989e+00, 9.532714767609212e-17
175, 5.979781230053394e-01, -6.921970361631077e-02, 8.523182543334157e-01, 0.000000000000000e+00, 0.000000000000000e+00, 2.278451412148019e+00, 1.000000000000000e-10, 8.884472406429684e+05, 9.113805648251148e-01, 1.069296075956851e+00, 0.000000000000000e+00, -3.218756211331201e-01, 9.962471197516287e-08, 2.895324857659956e-03, 2.984832887032327e-04, -2.588422500711156e+02, 2.690280768598986e+00, 9.593346887830828e-17
176, 6.112060887470220e-01, -6.782639690926810e-02, 8.550949376391362e-01, 0.000000000000000e+00, 0.000000000000000e+00, 2.286108929450763e+00, 1.000000000000000e-10, 8.856524604487825e+05, 9.144435717461011e-01, 1.069405900438170e+00, 0.000000000000000e+00, -3.107504401467833e-01, 9.963252699785811e-08, 2.856715873610616e-03, 3.070535813307547e-04, -2.506999117712504e+02, 2.677034569633780e+00, 9.654971658342653e-17
177, 6.242471964676425e-01, -6.639617707684914e-02, 8.578246875299327e-01, 0.000000000000000e+00, 0.000000000000000e+00, 2.293641278667630e+00, 1.000000000000000e-10, 8.829232196979192e+05, 9.174565114327388e-01, 1.069515164076839e+00, 0.000000000000000e+00, -2.998071089107030e-01, 9.964030172080044e-08, 2.818641351723778e-03, 3.150617830290838e-04, -2.427709606148193e+02, 2.663787165540760e+00, 9.715733727465849e-17
178, 6.371029091646639e-01, -6.493170496466280e-02, 8.606513707116493e-01, 0.000000000000000e+00, 0.000000000000000e+00, 2.301434708100656e+00, 1.000000000000000e-10, 8.801118049001828e+05, 9.205738832058362e-01, 1.069624605889652e+00, 0.000000000000000e+00, -2.884844687495641e-01, 9.964808873129456e-08, 2.780531659820195e-03, 3.224880635331670e-04, -2.349617724105834e+02, 2.650492112620082e+00, 9.778886828983771e-17
179, 6.497745837591037e-01, -6.343549232233105e-02, 8.634412626778258e-01, 0.000000000000000e+00, 0.000000000000000e+00, 2.309131219890795e+00, 1.000000000000000e-10, 8.773558945266615e+05, 9.236524879217802e-01, 1.069734014167008e+00, 0.000000000000000e+00, -2.773026348413216e-01, 9.965587296503995e-08, 2.742599282486097e-03, 3.293911162321441e-04, -2.272934534428037e+02, 2.637040266787248e+00, 9.841402686530425e-17
180, 6.622634611731268e-01, -6.190987732691473e-02, 8.663032141822294e-01, 0.000000000000000e+00, 0.000000000000000e+00, 2.317023199221216e+00, 1.000000000000000e-10, 8.745449878269050e+05, 9.268092796538342e-01, 1.069843981277065e+00, 0.000000000000000e+00, -2.658368170154963e-01, 9.966369656536751e-08, 2.704534010978981e-03, 3.357686337337879e-04, -2.197136194695626e+02, 2.623445397477634e+00, 9.905759330772803e-17
181, 6.745706815078396e-01, -6.035705003644212e-02, 8.691837145160891e-01, 0.000000000000000e+00, 0.000000000000000e+00, 2.324967432166999e+00, 1.000000000000000e-10, 8.717337718594021e+05, 9.299869728320320e-01, 1.069954438055475e+00, 0.000000000000000e+00, -2.542950828182017e-01, 9.967155460599371e-08, 2.666574944124038e-03, 3.416777358093561e-04, -2.123781982418500e+02, 2.609736503122728e+00, 9.970747329202910e-17
182, 6.866972551037975e-01, -5.877908837014442e-02, 8.720655948933085e-01, 0.000000000000000e+00, 0.000000000000000e+00, 2.332918452557794e+00, 1.000000000000000e-10, 8.689397018793031e+05, 9.331673809882348e-01, 1.070065585034807e+00, 0.000000000000000e+00, -2.427434875195586e-01, 9.967946134673903e-08, 2.628488590777074e-03, 3.471142933816739e-04, -2.052484713915011e+02, 2.595769690666972e+00, 1.003597368531226e-16
183, 6.986441131830882e-01, -5.717794845900079e-02, 8.749065339897443e-01, 0.000000000000000e+00, 0.000000000000000e+00, 2.340763884754017e+00, 1.000000000000000e-10, 8.662055283420287e+05, 9.363055538666102e-01, 1.070177804704320e+00, 0.000000000000000e+00, -2.313452954361086e-01, 9.968744398746449e-08, 2.589825802761501e-03, 3.520381248355659e-04, -1.980222620853713e+02, 2.581252759980218e+00, 1.010044970598971e-16
184, 7.104120612940616e-01, -5.555550634653595e-02, 8.779328381770427e-01, 0.000000000000000e+00, 0.000000000000000e+00, 2.349108770342838e+00, 1.000000000000000e-10, 8.633072114520564e+05, 9.396435081020177e-01, 1.070290877891198e+00, 0.000000000000000e+00, -2.192214752976092e-01, 9.969548692700295e-08, 2.550372234238077e-03, 3.564327025412105e-04, -1.906878657672600e+02, 2.566399050329654e+00, 1.016941397047735e-16
185, 7.220018132261296e-01, -5.391354334992638e-02, 8.809056449769511e-01, 0.000000000000000e+00, 0.000000000000000e+00, 2.357314810161264e+00, 1.000000000000000e-10, 8.604817028816603e+05, 9.429259240292692e-01, 1.070405132951488e+00, 0.000000000000000e+00, -2.072993764564652e-01, 9.970361351023335e-08, 2.510780506490150e-03, 3.604016444678955e-04, -1.834851134138208e+02, 2.551170739328670e+00, 1.023735479380245e-16
186, 7.334139712095230e-01, -5.225377362318324e-02, 8.839981576859929e-01, 0.000000000000000e+00, 0.000000000000000e+00, 2.365845983186125e+00, 1.000000000000000e-10, 8.575594454296342e+05, 9.463383932390899e-01, 1.070520775423653e+00, 0.000000000000000e+00, -1.949049096632493e-01, 9.971183834211504e-08, 2.470717870423654e-03, 3.639094952643383e-04, -1.764058462273601e+02, 2.535640901372371e+00, 1.030830184575885e-16
187, 7.446490520448122e-01, -5.057785482543104e-02, 8.870406166528367e-01, 0.000000000000000e+00, 0.000000000000000e+00, 2.374247917588332e+00, 1.000000000000000e-10, 8.547064462986325e+05, 9.496991669998509e-01, 1.070637746649585e+00, 0.000000000000000e+00, -1.826982064767747e-01, 9.972015723541192e-08, 2.430357904358985e-03, 3.669905025814585e-04, -1.694527675320181e+02, 2.519641608228459e+00, 1.037830736317966e-16
188, 7.557074561295866e-01, -4.888739815213335e-02, 8.901645717124040e-01, 0.000000000000000e+00, 0.000000000000000e+00, 2.382875172511168e+00, 1.000000000000000e-10, 8.517966457722948e+05, 9.531500689688605e-01, 1.070757137790029e+00, 0.000000000000000e+00, -1.701641476379609e-01, 9.972864777109584e-08, 2.388706641850813e-03, 3.695025788260127e-04, -1.623827841319754e+02, 2.502827832103323e+00, 1.045043532509087e-16
189, 7.665894828114082e-01, -4.718394884854254e-02, 8.933995006492510e-01, 0.000000000000000e+00, 0.000000000000000e+00, 2.391806775657718e+00, 1.000000000000000e-10, 8.488029160860155e+05, 9.567227102273512e-01, 1.070878939972635e+00, 0.000000000000000e+00, -1.571879181924315e-01, 9.973730929007535e-08, 2.346173996818250e-03, 3.715047954437849e-04, -1.554202809051816e+02, 2.485426852918855e+00, 1.052540569559487e-16
190, 7.772953268296589e-01, -4.546906792625348e-02, 8.965397724874808e-01, 0.000000000000000e+00, 0.000000000000000e+00, 2.400491489198285e+00, 1.000000000000000e-10, 8.459216725792534e+05, 9.601965956434521e-01, 1.071002787728372e+00, 0.000000000000000e+00, -1.445703809237035e-01, 9.974611577691122e-08, 2.302827460835776e-03, 3.730064661386474e-04, -1.484192162634780e+02, 2.467165756554276e+00, 1.059837814502881e-16
191, 7.878250851945683e-01, -4.374425693241731e-02, 8.999320556645781e-01, 0.000000000000000e+00, 0.000000000000000e+00, 2.409855793447774e+00, 1.000000000000000e-10, 8.428248678742422e+05, 9.639423173431123e-01, 1.071127882683615e+00, 0.000000000000000e+00, -1.309655041120802e-01, 9.975501044154617e-08, 2.258546536573678e-03, 3.739893589452220e-04, -1.413653297757603e+02, 2.448434908375058e+00, 1.067756890342663e-16
192, 7.981787328258922e-01, -4.201101581413159e-02, 9.032070813111119e-01, 0.000000000000000e+00, 0.000000000000000e+00, 2.418912428326746e+00, 1.000000000000000e-10, 8.398616218290293e+05, 9.675649712945700e-01, 1.071254855409277e+00, 0.000000000000000e+00, -1.178076230166448e-01, 9.976403810059409e-08, 2.213739133821127e-03, 3.745175258001636e-04, -1.344180816026059e+02, 2.428922701479713e+00, 1.075423691638605e-16
193, 8.083561242114686e-01, -4.027084228421356e-02, 9.066911665039009e-01, 0.000000000000000e+00, 0.000000000000000e+00, 2.428535804880025e+00, 1.000000000000000e-10, 8.367278145241098e+05, 9.714143219157420e-01, 1.071383904247580e+00, 0.000000000000000e+00, -1.038263544641678e-01, 9.977321283156294e-08, 2.167543892603893e-03, 3.744424076019539e-04, -1.274094493849993e+02, 2.408570182579444e+00, 1.083615430755946e-16
194, 8.183570006497437e-01, -3.852522749354385e-02, 9.101077877681740e-01, 0.000000000000000e+00, 0.000000000000000e+00, 2.437987482290848e+00, 1.000000000000000e-10, 8.336818834107702e+05, 9.751949928799349e-01, 1.071515930295874e+00, 0.000000000000000e+00, -9.009453804604149e-02, 9.978259866614477e-08, 2.120066549725734e-03, 3.737728201799010e-04, -1.204174178823643e+02, 2.387023124230133e+00, 1.091672747956563e-16
195, 8.281809850375766e-01, -3.677567174741742e-02, 9.137177339489401e-01, 0.000000000000000e+00, 0.000000000000000e+00, 2.447965038009196e+00, 1.000000000000000e-10, 8.304842314791706e+05, 9.791860151671296e-01, 1.071650443879694e+00, 0.000000000000000e+00, -7.559870228369678e-02, 9.979216075788908e-08, 2.071141119754814e-03, 3.724672188509312e-04, -1.133829597287454e+02, 2.364488325195631e+00, 1.100222863126823e-16
196, 8.378275518294647e-01, -3.502370749655598e-02, 9.173226285178583e-01, 0.000000000000000e+00, 0.000000000000000e+00, 2.457940467997362e+00, 1.000000000000000e-10, 8.273188506435552e+05, 9.831761871622519e-01, 1.071788874052737e+00, 0.000000000000000e+00, -6.110595487650099e-02, 9.980200065100807e-08, 2.020286397399752e-03, 3.704273522356498e-04, -1.063584145881991e+02, 2.340373978557991e+00, 1.108789716294192e-16
197, 8.472960388775427e-01, -3.327085243521796e-02, 9.210328158710358e-01, 0.000000000000000e+00, 0.000000000000000e+00, 2.468209612904606e+00, 1.000000000000000e-10, 8.240864314071782e+05, 9.872838451250008e-01, 1.071931236447108e+00, 0.000000000000000e+00, -4.618648539948367e-02, 9.981211940370688e-08, 1.967339839476427e-03, 3.676039547585692e-04, -9.928593504528538e+01, 2.314658591617863e+00, 1.117641046055544e-16
198, 8.565856176948047e-01, -3.151870085898599e-02, 9.248809772946586e-01, 0.000000000000000e+00, 0.000000000000000e+00, 2.478859923923816e+00, 1.000000000000000e-10, 8.207593422109062e+05, 9.915439695325309e-01, 1.072077374142634e+00, 0.000000000000000e+00, -3.071324087843619e-02, 9.982250580906074e-08, 1.912556322170106e-03, 3.640241104765170e-04, -9.233607427790179e+01, 2.287452995053026e+00, 1.126860134641098e-16
199, 8.656952919343945e-01, -2.976885270333394e-02, 9.286435685710069e-01, 0.000000000000000e+00, 0.000000000000000e+00, 2.489293471783011e+00, 1.000000000000000e-10, 8.175381917699085e+05, 9.957173886760583e-01, 1.072227733411501e+00, 0.000000000000000e+00, -1.555491949644163e-02, 9.983319152786664e-08, 1.855325553108492e-03, 3.595547560547245e-04, -8.531277636755794e+01, 2.258028886575435e+00, 1.135902375835647e-16
200, 8.746238805932518e-01, -2.802295683431297e-02, 9.327315830631288e-01, 0.000000000000000e+00, 0.000000000000000e+00, 2.500607949454237e+00, 1.000000000000000e-10, 8.140595235648374e+05, 1.000243179744386e+00, 1.072380519655554e+00, 0.000000000000000e+00, 8.832558130915307e-04, 9.984404897331624e-08, 1.796756274883307e-03, 3.543887222263218e-04, -7.837485479336891e+01, 2.227467334188872e+00, 1.145778118312877e-16
201, 8.833699884517198e-01, -2.628272984845777e-02, 9.366459640776692e-01, 0.000000000000000e+00, 0.000000000000000e+00, 2.511467570607161e+00, 1.000000000000000e-10, 8.107640157875577e+05, 1.004587028205398e+00, 1.072536547140981e+00, 0.000000000000000e+00, 1.666059538580870e-02, 9.985513596738802e-08, 1.735928126951157e-03, 3.483281464899420e-04, -7.143740687349982e+01, 2.194501665055618e+00, 1.155263371506876e-16
202, 8.919319672490847e-01, -2.454994798647416e-02, 9.409074447715239e-01, 0.000000000000000e+00, 0.000000000000000e+00, 2.523267168200996e+00, 1.000000000000000e-10, 8.071986550062891e+05, 1.009306867242762e+00, 1.072695165556743e+00, 0.000000000000000e+00, 3.380357444905610e-02, 9.986640625611483e-08, 1.673347223290387e-03, 3.414551212954204e-04, -6.458678002019120e+01, 2.159947370295336e+00, 1.165645464746754e-16
203, 9.003079155720777e-01, -2.282645856245277e-02, 9.449924778187310e-01, 0.000000000000000e+00, 0.000000000000000e+00, 2.534604562156098e+00, 1.000000000000000e-10, 8.038179817625517e+05, 1.013841824824639e+00, 1.072857031798633e+00, 0.000000000000000e+00, 5.027504355285312e-02, 9.987790646871688e-08, 1.608141926201520e-03, 3.335718233483902e-04, -5.777018897164024e+01, 2.122499242121025e+00, 1.175629938807326e-16
204, 9.084956144796734e-01, -2.111420272171533e-02, 9.494126770686339e-01, 0.000000000000000e+00, 0.000000000000000e+00, 2.546850204723113e+00, 1.000000000000000e-10, 8.001843045463307e+05, 1.018740081851268e+00, 1.073021359896612e+00, 0.000000000000000e+00, 6.806605654909423e-02, 9.988958071904176e-08, 1.540937702958601e-03, 3.247839003104252e-04, -5.108477550245509e+01, 2.082983901142261e+00, 1.186492510432681e-16
205, 9.164924882689276e-01, -1.941523133681732e-02, 9.537065432786741e-01, 0.000000000000000e+00, 0.000000000000000e+00, 2.558768586787781e+00, 1.000000000000000e-10, 7.966918560756922e+05, 1.023507434676964e+00, 1.073189066270141e+00, 0.000000000000000e+00, 8.538161096335160e-02, 9.990149406494102e-08, 1.471064474192757e-03, 3.149308229564857e-04, -4.459326685278708e+01, 2.040250662856673e+00, 1.197083343611470e-16
206, 9.242955271613510e-01, -1.773170005730161e-02, 9.581828199546580e-01, 0.000000000000000e+00, 0.000000000000000e+00, 2.571188397783475e+00, 1.000000000000000e-10, 7.930812359249652e+05, 1.028475359075062e+00, 1.073360258247722e+00, 0.000000000000000e+00, 1.034256635825619e-01, 9.991365407474468e-08, 1.397966004994402e-03, 3.038657527849542e-04, -3.820773248024988e+01, 1.994007056271022e+00, 1.208177403020159e-16
207, 9.319012038343872e-01, -1.606595035428986e-02, 9.627629907954227e-01, 0.000000000000000e+00, 0.000000000000000e+00, 2.583899321859943e+00, 1.000000000000000e-10, 7.894201304559949e+05, 1.033559728705467e+00, 1.073534959888262e+00, 0.000000000000000e+00, 1.218926582054355e-01, 9.992606239920196e-08, 1.322187356619327e-03, 2.916799665118571e-04, -3.221972749928229e+01, 1.944256332877470e+00, 1.219582529230217e-16
208, 9.393053706616181e-01, -1.442046687420697e-02, 9.671828382173855e-01, 0.000000000000000e+00, 0.000000000000000e+00, 2.596189655163061e+00, 1.000000000000000e-10, 7.859254496009527e+05, 1.038475862026537e+00, 1.073712043878438e+00, 0.000000000000000e+00, 1.397485998865134e-01, 9.993863892011739e-08, 1.243021108032891e-03, 2.781937384385241e-04, -2.638285897224891e+01, 1.889876202925475e+00, 1.230629250882909e-16
209, 9.465031071389137e-01, -1.279797844105940e-02, 9.719583851821273e-01, 0.000000000000000e+00, 0.000000000000000e+00, 2.609440917824420e+00, 1.000000000000000e-10, 7.821751657722364e+05, 1.043776367090889e+00, 1.073889976159118e+00, 0.000000000000000e+00, 1.590006223863264e-01, 9.995127466088117e-08, 1.161843686254850e-03, 2.636906313544029e-04, -2.092668809691159e+01, 1.832016951669263e+00, 1.242635201714142e-16
210, 9.534885006595986e-01, -1.120148092283117e-02, 9.764273295599926e-01, 0.000000000000000e+00, 0.000000000000000e+00, 2.621871637814974e+00, 1.000000000000000e-10, 7.787056965923597e+05, 1.048748655086932e+00, 1.074067289328669e+00, 0.000000000000000e+00, 1.770605240774248e-01, 9.996386541318052e-08, 1.078468428042135e-03, 2.481133115971171e-04, -1.582230659034521e+01, 1.769485645583866e+00, 1.253910616397900e-16
211, 9.602543544490350e-01, -9.634355454989195e-03, 9.811795448737503e-01, 0.000000000000000e+00, 0.000000000000000e+00, 2.635065810101724e+00, 1.000000000000000e-10, 7.750420742583208e+05, 1.054026324001442e+00, 1.074244086628473e+00, 0.000000000000000e+00, 1.962296031472752e-01, 9.997641851804439e-08, 9.929060912581781e-04, 2.314509272744875e-04, -1.119017785301956e+01, 1.702324743821009e+00, 1.265969408354578e-16
212, 9.667917306450298e-01, -8.100437487824994e-03, 9.856877609707704e-01, 0.000000000000000e+00, 0.000000000000000e+00, 2.647605244164402e+00, 1.000000000000000e-10, 7.716031626970223e+05, 1.059042097626333e+00, 1.074419445548678e+00, 0.000000000000000e+00, 2.144474494672021e-01, 9.998886849167796e-08, 9.060167527829516e-04, 2.138961962349602e-04, -7.175991318557768e+00, 1.630202838622016e+00, 1.277454293848666e-16
213, 9.730892564457935e-01, -6.604238508782076e-03, 9.901865221209670e-01, 0.000000000000000e+00, 0.000000000000000e+00, 2.660123534068719e+00, 1.000000000000000e-10, 7.682016266422850e+05, 1.064049413587880e+00, 1.074594927134233e+00, 0.000000000000000e+00, 2.326345766154646e-01, 1.000013261752001e-07, 8.163240672121079e-04, 1.950930310545755e-04, -3.751943941135855e+00, 1.551248553666317e+00, 1.288966986513231e-16
214, 9.791319190065513e-01, -5.151259767932922e-03, 9.946324376656550e-01, 0.000000000000000e+00, 0.000000000000000e+00, 2.672501681558809e+00, 1.000000000000000e-10, 7.648694546642124e+05, 1.069000672583738e+00, 1.074769565220114e+00, 0.000000000000000e+00, 2.506180986446638e-01, 1.000137229855448e-07, 7.242746617543023e-04, 1.751369416754600e-04, -1.046582173909064e+00, 1.464737726187052e+00, 1.300395049957736e-16
215, 9.848988537360267e-01, -3.748558390385387e-03, 9.987481424298268e-01, 0.000000000000000e+00, 0.000000000000000e+00, 2.683983539947067e+00, 1.000000000000000e-10, 7.618156697271739e+05, 1.073593415938876e+00, 1.074939086571877e+00, 0.000000000000000e+00, 2.672994520884408e-01, 1.000257556345171e-07, 6.269309498540338e-04, 1.533039852702136e-04, 1.268530112691189e+00, 1.365834661314022e+00, 1.311010259618329e-16
216, 9.903585035041869e-01, -2.406013030854442e-03, 1.002965843509794e+00, 0.000000000000000e+00, 0.000000000000000e+00, 2.695707089901255e+00, 1.000000000000000e-10, 7.586996822716433e+05, 1.078282835920383e+00, 1.075094274543811e+00, 0.000000000000000e+00, 2.843319457657346e-01, 1.000367700810190e-07, 5.188714773675723e-04, 1.282284402786587e-04, 3.214448911199821e+00, 1.245421072311615e+00, 1.321953711863601e-16
217, 9.954553214492023e-01, -1.139743975339754e-03, 1.005780576716349e+00, 0.000000000000000e+00, 0.000000000000000e+00, 2.703570159351768e+00, 1.000000000000000e-10, 7.566488324212007e+05, 1.081428063700476e+00, 1.075212714120110e+00, 0.000000000000000e+00, 2.957557620349826e-01, 1.000451757893529e-07, 3.921081310687305e-04, 9.784967232680426e-05, 4.780054880549129e+00, 1.084386435071447e+00, 1.329256785283926e-16
